attendance_id,emp_id,attendance_date,status
1,1445,2025-04-06,Present
2,1495,2025-02-11,Present
3,151,2025-03-06,Absent
5,861,2025-04-14,Present
7,1367,2025-12-10,Leave
10,597,2025-03-17,Leave
12,1290,2025-11-21,Absent
15,537,2025-04-02,Present
16,1103,2025-05-31,Present
17,932,2025-09-01,Present
18,673,2025-06-29,Present
20,1107,2025-11-05,Absent
21,1175,2025-03-20,Present
22,1110,2025-05-31,Absent
23,933,2025-02-18,Leave
25,616,2025-02-12,Leave
26,1160,2025-11-13,Absent
27,1129,2025-09-11,Absent
28,1376,2025-08-03,Absent
29,28,2025-01-19,Leave
30,1230,2025-01-22,Absent
33,479,2025-11-27,Absent
35,512,2025-09-08,Present
40,118,2025-05-20,Present
41,1196,2025-08-24,Present
46,839,2025-03-26,Leave
47,976,2025-03-02,Absent
48,69,2025-09-08,Leave
49,617,2025-11-29,Absent
50,1254,2025-05-06,Absent
51,604,2025-03-24,Leave
53,520,2025-10-05,Absent
54,1206,2025-05-19,Absent
59,456,2025-06-15,Present
61,1218,2025-12-24,Leave
63,766,2025-07-17,Leave
68,357,2025-11-06,Absent
72,747,2025-04-21,Absent
75,39,2025-06-14,Leave
77,1443,2025-11-21,Absent
79,1139,2025-09-23,Present
81,1245,2025-06-12,Leave
83,280,2025-04-18,Absent
86,238,2025-12-08,Absent
87,712,2025-05-09,Leave
91,495,2025-08-13,Present
92,219,2025-02-09,Leave
95,750,2025-06-08,Absent
98,220,2025-11-10,Absent
99,1194,2025-06-16,Present
101,952,2025-08-18,Leave
102,1418,2025-01-22,Leave
105,1391,2025-09-09,Present
107,1435,2025-04-29,Present
108,953,2025-12-26,Leave
110,527,2025-05-26,Leave
116,1393,2025-06-16,Absent
117,1167,2025-12-19,Leave
118,1152,2025-05-27,Leave
120,261,2025-01-30,Leave
124,680,2025-07-02,Present
129,551,2025-03-04,Leave
130,712,2025-05-10,Present
131,547,2025-10-25,Leave
132,203,2025-10-08,Leave
133,243,2025-03-28,Present
136,600,2025-06-21,Present
140,404,2025-03-26,Absent
142,507,2025-11-01,Present
144,279,2025-11-30,Present
145,711,2025-02-06,Absent
146,111,2025-04-02,Absent
147,284,2025-11-21,Leave
148,1325,2025-07-30,Present
151,989,2025-04-06,Absent
153,551,2025-06-24,Leave
156,388,2025-10-11,Absent
157,535,2025-10-30,Present
164,892,2025-05-16,Absent
165,1103,2025-12-04,Leave
166,198,2025-06-11,Leave
170,442,2025-05-01,Leave
171,844,2025-03-15,Present
172,750,2025-01-02,Absent
174,8,2025-02-22,Leave
175,217,2025-11-11,Leave
177,1040,2025-12-17,Present
179,1196,2025-05-17,Leave
182,1053,2026-01-01,Present
183,1404,2025-04-21,Absent
184,195,2025-05-17,Absent
186,862,2025-08-08,Present
187,1328,2025-09-04,Present
192,747,2025-12-29,Leave
194,244,2025-02-11,Leave
195,808,2025-03-27,Absent
197,844,2025-01-01,Absent
198,1486,2025-09-19,Leave
199,155,2025-05-30,Leave
201,629,2025-03-01,Present
207,249,2025-08-04,Absent
209,1029,2025-10-17,Present
212,516,2025-10-02,Leave
215,732,2025-05-21,Absent
218,300,2025-11-01,Present
219,92,2025-02-25,Leave
220,957,2025-05-18,Leave
221,1157,2025-04-14,Leave
223,41,2025-07-22,Present
225,594,2025-06-09,Leave
227,647,2025-03-29,Present
232,1417,2025-11-09,Present
234,117,2025-06-17,Absent
236,641,2025-09-12,Leave
237,497,2025-05-13,Present
238,1377,2025-11-30,Absent
239,929,2025-09-17,Present
240,2,2025-09-02,Present
241,1069,2025-01-29,Leave
244,1183,2025-06-24,Absent
245,1132,2025-03-24,Absent
254,845,2025-08-26,Absent
255,951,2025-12-08,Absent
256,29,2025-08-07,Absent
258,151,2025-04-19,Absent
259,1120,2025-05-04,Leave
263,761,2025-05-22,Present
267,426,2025-06-04,Absent
269,489,2025-02-16,Leave
271,1484,2025-02-06,Present
272,1012,2025-10-08,Leave
276,915,2025-06-28,Present
277,257,2025-03-06,Leave
278,479,2025-05-02,Present
279,809,2025-09-02,Absent
283,843,2025-04-09,Absent
286,96,2025-12-26,Present
288,1196,2025-05-17,Leave
290,959,2025-05-31,Present
292,1305,2025-01-14,Absent
293,648,2025-04-09,Leave
295,722,2025-08-04,Present
297,1433,2025-03-01,Present
300,1488,2025-07-16,Present
301,1362,2025-06-13,Leave
302,1491,2025-02-13,Present
303,1107,2025-03-10,Leave
306,1406,2025-03-10,Present
310,1041,2025-08-30,Leave
312,1001,2025-01-11,Present
315,186,2025-02-22,Present
316,10,2025-05-11,Absent
317,452,2025-07-04,Present
320,558,2025-04-09,Leave
324,386,2025-09-03,Absent
325,1407,2025-12-29,Present
327,8,2025-02-01,Leave
330,1096,2025-05-08,Present
334,1330,2025-11-03,Leave
343,524,2025-12-04,Absent
345,397,2025-06-14,Present
347,1253,2025-01-17,Absent
348,613,2025-01-04,Leave
353,1201,2025-05-02,Absent
354,698,2025-07-21,Absent
356,515,2025-05-01,Absent
357,276,2025-08-31,Absent
358,466,2025-07-15,Absent
359,929,2025-05-08,Present
363,329,2025-03-07,Leave
365,716,2025-04-16,Leave
366,218,2025-02-22,Leave
368,134,2025-08-13,Absent
370,826,2025-01-15,Present
376,100,2025-04-11,Absent
377,373,2025-10-05,Leave
380,284,2025-05-11,Present
382,714,2025-01-25,Present
384,429,2025-10-15,Present
385,1171,2025-12-30,Present
386,1175,2025-10-16,Leave
391,129,2025-05-07,Present
392,715,2025-05-24,Absent
395,604,2025-08-21,Absent
399,730,2025-06-10,Absent
400,86,2025-12-20,Leave
402,623,2025-08-11,Leave
404,4,2025-09-20,Leave
406,330,2025-11-28,Present
407,22,2025-01-30,Present
408,513,2025-02-25,Present
409,767,2025-09-30,Absent
412,753,2025-11-20,Absent
413,1312,2025-09-16,Leave
414,647,2025-10-24,Absent
415,1383,2025-03-20,Leave
417,307,2025-12-06,Leave
420,889,2025-02-03,Leave
422,847,2025-09-05,Absent
423,1162,2025-10-26,Leave
425,474,2025-04-05,Absent
426,1232,2025-03-20,Leave
427,893,2025-01-08,Absent
429,1412,2025-08-18,Absent
430,514,2025-12-25,Absent
431,823,2025-08-19,Present
433,1062,2025-01-21,Leave
437,539,2025-10-15,Leave
438,1380,2025-01-23,Present
440,580,2025-01-18,Leave
442,1237,2025-01-04,Leave
443,39,2025-11-15,Leave
446,1457,2025-12-21,Absent
448,321,2025-12-14,Present
451,73,2025-09-19,Present
452,443,2025-01-19,Leave
453,28,2025-03-30,Absent
456,1255,2025-08-07,Leave
458,66,2025-10-16,Absent
459,1494,2025-09-09,Absent
460,928,2025-09-17,Absent
461,1435,2025-03-31,Leave
465,1295,2025-05-02,Leave
467,388,2025-03-29,Leave
468,451,2025-08-13,Present
469,526,2025-01-11,Leave
470,1350,2025-04-09,Present
471,1218,2025-02-02,Present
473,740,2025-11-12,Absent
474,1055,2025-11-15,Present
475,1350,2025-12-10,Absent
476,1381,2025-07-05,Present
479,1313,2025-01-23,Present
480,281,2025-06-02,Leave
481,442,2025-09-09,Absent
482,1450,2025-04-11,Leave
485,708,2025-05-03,Absent
486,847,2025-01-23,Leave
489,999,2025-04-11,Leave
492,99,2025-05-19,Present
493,68,2025-12-28,Leave
495,1449,2025-09-28,Present
497,1144,2025-04-02,Leave
498,413,2025-08-06,Present
499,1192,2025-07-20,Leave
500,1275,2025-12-20,Leave
501,183,2025-07-28,Absent
502,722,2025-08-27,Leave
505,1033,2025-02-04,Absent
506,892,2025-08-12,Absent
507,1073,2025-02-20,Present
508,748,2025-06-18,Present
509,94,2025-04-06,Leave
510,315,2025-04-29,Present
512,468,2025-02-10,Absent
513,104,2025-04-08,Present
515,61,2025-07-16,Absent
516,1097,2025-08-29,Present
519,30,2025-10-07,Present
520,470,2025-09-19,Leave
521,1142,2025-08-21,Present
522,743,2025-09-01,Present
523,481,2025-10-25,Present
525,1357,2025-04-14,Absent
530,113,2025-04-18,Present
533,868,2025-05-30,Absent
535,823,2025-05-24,Present
536,704,2025-09-20,Leave
537,301,2025-01-12,Leave
539,763,2025-06-01,Leave
540,1152,2025-11-16,Absent
542,248,2025-09-29,Leave
548,1350,2025-11-24,Leave
550,897,2025-12-31,Present
551,629,2025-01-01,Leave
554,850,2025-08-07,Present
556,411,2025-05-10,Absent
557,873,2025-12-18,Absent
558,315,2025-08-03,Absent
563,1412,2025-01-23,Absent
564,965,2025-07-09,Present
565,471,2025-07-12,Absent
568,742,2025-01-28,Present
573,629,2025-03-19,Absent
580,290,2025-09-05,Leave
581,1194,2025-01-22,Leave
586,854,2025-12-29,Absent
587,125,2025-10-02,Absent
588,1383,2025-09-08,Absent
590,700,2025-06-10,Absent
594,1195,2025-04-19,Absent
595,197,2025-06-24,Absent
597,553,2025-12-15,Leave
599,1495,2025-02-10,Leave
605,18,2025-04-26,Present
606,464,2025-06-17,Absent
609,303,2025-07-11,Present
611,277,2025-08-28,Leave
614,1022,2025-03-18,Absent
619,200,2025-11-07,Present
621,640,2025-07-23,Present
625,153,2025-08-20,Present
627,294,2025-10-13,Leave
629,392,2025-05-29,Absent
630,1080,2025-04-30,Present
631,513,2025-08-04,Absent
632,353,2025-10-05,Absent
633,1286,2025-03-13,Leave
634,396,2025-01-25,Present
638,95,2025-04-01,Present
639,1392,2025-12-10,Absent
640,1321,2025-07-22,Absent
642,1069,2025-11-08,Present
644,1280,2025-06-01,Absent
645,954,2025-01-21,Leave
648,613,2025-09-24,Leave
649,1016,2025-07-07,Leave
654,1415,2025-10-24,Absent
655,52,2025-11-22,Present
659,1047,2025-07-16,Absent
662,1411,2025-07-30,Present
665,970,2025-12-16,Present
667,859,2025-10-12,Present
668,1032,2025-11-23,Present
670,290,2025-03-19,Present
672,379,2025-10-10,Absent
674,1019,2025-05-12,Present
675,789,2025-02-17,Present
676,925,2025-03-20,Present
680,1153,2025-08-18,Leave
685,1269,2025-03-07,Present
686,562,2025-03-06,Leave
688,1200,2025-09-21,Present
690,722,2025-11-16,Leave
692,225,2025-02-11,Absent
694,1165,2025-01-19,Leave
695,889,2025-01-27,Leave
696,145,2025-11-15,Present
698,981,2025-09-08,Leave
699,989,2025-07-06,Absent
700,1345,2025-11-29,Leave
701,893,2026-01-01,Leave
702,718,2025-10-29,Present
704,1325,2025-01-30,Present
706,1096,2025-06-26,Absent
707,11,2025-07-29,Absent
709,1449,2025-05-08,Leave
710,775,2025-09-08,Leave
711,1260,2025-03-02,Present
713,410,2025-07-14,Absent
714,88,2025-02-13,Absent
715,160,2025-10-12,Present
717,811,2025-02-22,Absent
720,1393,2025-02-16,Present
724,212,2025-08-23,Present
725,714,2025-12-04,Present
726,783,2025-05-16,Present
729,1425,2025-09-02,Absent
730,230,2025-04-27,Present
731,1102,2025-02-12,Leave
734,26,2025-11-24,Leave
735,791,2025-10-29,Present
736,500,2025-01-12,Absent
738,311,2025-05-31,Present
739,904,2025-10-26,Present
740,327,2025-02-26,Present
742,453,2025-08-24,Absent
745,1119,2025-02-13,Leave
747,259,2025-07-25,Leave
748,217,2025-08-28,Leave
750,215,2025-03-18,Leave
751,111,2025-02-23,Leave
753,1122,2025-07-14,Leave
757,1166,2025-03-14,Present
759,970,2025-08-24,Present
760,1465,2025-01-19,Leave
761,415,2025-08-30,Absent
762,546,2025-07-10,Leave
763,1469,2025-07-01,Present
764,286,2025-03-27,Absent
766,1067,2025-01-02,Leave
769,341,2025-01-02,Present
774,398,2025-01-24,Leave
775,1453,2025-08-01,Present
776,1092,2025-10-01,Leave
777,1291,2025-01-03,Absent
778,96,2025-02-20,Present
779,947,2025-10-17,Present
780,521,2025-12-30,Absent
783,1246,2025-04-02,Absent
784,236,2025-06-12,Absent
786,241,2025-12-15,Present
787,1336,2025-08-05,Leave
788,456,2025-12-25,Present
792,688,2025-01-31,Present
793,1269,2025-09-11,Absent
794,612,2025-09-06,Leave
795,132,2025-06-26,Absent
796,1370,2025-06-22,Present
797,418,2025-07-27,Absent
800,445,2025-01-24,Leave
801,226,2025-09-04,Absent
805,1389,2025-02-21,Leave
806,946,2025-07-21,Absent
809,190,2025-05-12,Leave
810,494,2025-06-19,Leave
811,526,2025-06-23,Present
813,1327,2025-10-21,Absent
814,1145,2025-11-23,Absent
815,722,2025-09-03,Absent
816,749,2025-01-02,Present
818,622,2025-05-23,Leave
821,738,2025-01-14,Present
823,738,2025-07-10,Present
826,1129,2025-10-30,Leave
827,934,2025-09-07,Leave
829,375,2025-06-14,Absent
831,868,2025-01-11,Present
833,1109,2025-01-12,Absent
837,1426,2025-01-01,Present
838,164,2025-09-24,Leave
839,439,2025-08-11,Present
842,653,2025-09-06,Absent
843,224,2025-04-06,Leave
844,540,2025-07-03,Leave
845,459,2025-07-20,Absent
846,1163,2025-10-24,Absent
847,715,2025-07-22,Absent
849,899,2025-07-21,Leave
850,995,2025-03-09,Leave
851,285,2025-11-03,Absent
853,782,2025-10-14,Absent
855,959,2025-09-23,Leave
856,1467,2025-02-16,Present
857,139,2025-03-07,Absent
858,659,2025-10-23,Leave
860,431,2025-08-20,Present
861,904,2025-10-12,Absent
866,1200,2025-06-13,Leave
867,1222,2025-04-08,Present
871,287,2025-08-08,Present
874,1243,2025-07-04,Absent
880,600,2025-06-04,Absent
881,694,2025-01-18,Leave
884,751,2025-08-11,Absent
885,223,2025-11-03,Leave
888,1254,2025-09-05,Present
894,1420,2025-12-25,Leave
895,334,2025-09-22,Leave
896,218,2025-04-24,Absent
897,309,2025-10-14,Present
898,761,2025-04-18,Absent
899,425,2025-07-18,Present
900,847,2025-08-10,Leave
902,977,2025-07-02,Present
904,132,2025-05-27,Absent
906,1302,2025-10-14,Absent
907,1274,2025-01-11,Absent
908,1447,2025-09-14,Leave
909,1334,2025-09-12,Present
910,1323,2025-04-15,Absent
911,1346,2025-10-30,Absent
915,1317,2025-01-31,Present
918,564,2025-06-26,Absent
924,552,2025-10-08,Leave
925,693,2025-11-30,Absent
926,607,2025-01-10,Leave
927,139,2025-09-03,Present
928,773,2025-08-09,Present
931,1024,2025-03-08,Present
932,398,2025-09-08,Leave
933,1101,2025-12-23,Leave
937,265,2025-03-12,Leave
938,1369,2025-10-27,Present
939,371,2025-11-07,Absent
942,1258,2025-11-05,Absent
945,577,2025-12-16,Absent
946,56,2025-05-02,Absent
947,1500,2025-02-06,Present
948,1494,2025-01-05,Present
952,1250,2025-08-31,Absent
953,637,2025-07-02,Present
954,242,2025-03-29,Absent
958,14,2025-08-27,Leave
959,495,2025-08-05,Absent
960,135,2025-07-14,Absent
961,1170,2025-01-28,Absent
963,1069,2025-09-24,Present
965,1483,2025-01-11,Present
967,11,2025-05-08,Leave
969,1318,2025-06-19,Leave
974,761,2025-05-22,Leave
976,1431,2025-04-20,Present
977,125,2025-07-07,Present
978,1326,2025-09-24,Leave
981,329,2025-07-08,Absent
982,933,2025-08-08,Present
983,888,2025-09-22,Leave
984,955,2025-04-06,Present
985,55,2025-10-13,Present
988,893,2025-09-06,Absent
989,719,2025-03-28,Leave
991,1379,2025-02-12,Present
993,381,2025-04-16,Leave
994,1471,2025-12-22,Present
995,1277,2025-05-02,Present
997,869,2025-06-06,Leave
999,184,2025-06-24,Present
1000,949,2025-10-25,Absent
1006,1112,2025-02-14,Leave
1013,924,2025-01-25,Absent
1015,964,2025-11-10,Present
1016,454,2025-04-06,Leave
1021,1272,2025-04-27,Leave
1023,633,2025-07-28,Present
1025,517,2025-09-28,Absent
1026,1002,2025-11-25,Present
1027,743,2025-08-24,Leave
1028,1063,2025-10-10,Leave
1030,1390,2025-05-05,Present
1033,165,2025-01-28,Present
1034,990,2025-07-26,Present
1035,1117,2025-09-30,Absent
1036,1214,2025-12-29,Leave
1038,748,2025-09-23,Leave
1039,320,2025-07-17,Leave
1045,1240,2025-09-19,Absent
1046,1219,2025-04-28,Present
1048,1035,2025-02-02,Leave
1055,647,2025-06-23,Leave
1056,1130,2025-11-09,Absent
1059,664,2025-07-18,Leave
1062,1037,2025-07-18,Leave
1063,10,2025-06-01,Absent
1064,464,2025-12-30,Absent
1067,642,2025-05-26,Present
1069,1310,2025-07-12,Present
1070,1346,2025-01-07,Absent
1071,1353,2025-11-11,Leave
1072,1470,2025-06-10,Leave
1073,1011,2025-07-15,Absent
1075,165,2025-06-29,Absent
1076,1293,2025-05-05,Present
1078,608,2025-12-29,Leave
1080,528,2025-02-23,Leave
1082,583,2025-09-12,Leave
1083,213,2025-04-16,Present
1084,1248,2025-02-28,Leave
1085,537,2025-10-15,Present
1086,463,2025-05-07,Leave
1088,390,2025-08-08,Present
1089,1275,2025-05-31,Leave
1090,1154,2025-02-15,Absent
1097,576,2025-03-29,Absent
1098,878,2025-07-18,Leave
1101,730,2025-11-05,Present
1102,93,2025-05-05,Leave
1103,713,2025-10-27,Leave
1104,767,2025-11-03,Leave
1105,997,2025-10-17,Absent
1109,1023,2025-10-28,Present
1110,1496,2025-06-15,Leave
1115,685,2025-09-29,Absent
1119,730,2025-09-23,Leave
1121,982,2025-04-29,Absent
1122,662,2025-07-15,Absent
1123,1243,2025-11-21,Present
1125,1052,2025-11-13,Present
1126,1043,2025-06-13,Leave
1131,1203,2025-06-30,Present
1133,1437,2025-05-28,Leave
1135,737,2025-03-18,Present
1137,588,2025-11-01,Leave
1139,269,2025-03-12,Absent
1141,723,2025-07-21,Leave
1146,863,2025-07-13,Absent
1148,599,2025-04-23,Leave
1153,808,2025-07-18,Absent
1155,253,2025-04-10,Leave
1157,404,2025-04-13,Leave
1158,1306,2025-06-30,Leave
1162,604,2025-03-20,Absent
1163,40,2025-07-11,Absent
1164,770,2025-10-31,Present
1165,1116,2025-03-01,Absent
1166,522,2025-12-19,Leave
1167,1288,2025-01-14,Absent
1168,604,2025-10-20,Leave
1171,741,2025-07-02,Present
1174,1456,2025-02-19,Present
1176,822,2025-09-18,Absent
1177,1000,2025-02-15,Leave
1180,347,2025-01-02,Absent
1182,172,2025-04-24,Absent
1183,466,2025-09-01,Leave
1184,1310,2025-05-23,Present
1191,188,2025-01-02,Absent
1192,317,2025-01-14,Present
1193,702,2025-09-21,Present
1196,752,2025-05-22,Leave
1200,1465,2025-10-04,Present
1206,1431,2025-05-15,Absent
1209,1174,2025-04-18,Leave
1211,1068,2025-02-20,Absent
1213,1492,2025-10-03,Absent
1218,232,2025-12-16,Leave
1220,1047,2025-04-13,Present
1221,1477,2025-08-14,Absent
1222,1220,2025-06-14,Absent
1223,698,2025-06-03,Leave
1227,414,2025-07-07,Absent
1229,430,2025-12-01,Present
1233,1091,2025-05-19,Present
1234,1163,2025-06-13,Leave
1235,1381,2025-06-22,Absent
1238,364,2025-04-19,Leave
1239,719,2025-10-17,Leave
1241,797,2025-09-15,Present
1243,102,2025-02-28,Leave
1245,83,2025-10-28,Leave
1249,574,2025-04-24,Absent
1251,275,2025-06-09,Present
1252,240,2025-07-13,Present
1253,521,2025-07-03,Absent
1254,1181,2025-08-10,Present
1255,257,2025-08-30,Present
1258,594,2025-09-21,Leave
1260,1170,2025-06-26,Leave
1261,193,2025-04-03,Leave
1262,866,2025-11-16,Leave
1263,124,2025-08-10,Absent
1268,478,2025-11-11,Absent
1269,1415,2025-01-14,Present
1270,846,2025-03-10,Leave
1272,1431,2025-11-25,Present
1276,298,2025-04-17,Absent
1277,1092,2025-07-08,Present
1278,535,2025-10-14,Present
1279,186,2025-02-06,Absent
1282,497,2025-01-06,Leave
1283,7,2025-07-17,Leave
1284,357,2025-05-28,Present
1285,1489,2025-03-26,Present
1287,1303,2025-03-25,Leave
1288,729,2025-06-03,Leave
1290,936,2025-02-10,Leave
1292,1376,2025-07-07,Present
1293,409,2025-11-27,Absent
1295,451,2025-05-28,Present
1301,336,2025-09-01,Absent
1302,1193,2025-06-19,Absent
1303,918,2025-10-06,Absent
1306,1350,2025-03-12,Present
1308,240,2025-04-03,Absent
1311,726,2025-12-19,Leave
1314,290,2025-07-17,Leave
1315,93,2025-06-03,Leave
1316,887,2025-11-21,Absent
1317,422,2025-08-08,Absent
1319,883,2025-03-07,Leave
1322,404,2025-05-12,Present
1323,684,2025-08-02,Leave
1324,14,2025-05-16,Present
1326,1209,2025-09-11,Present
1327,1489,2025-11-14,Present
1330,1361,2025-05-03,Leave
1333,1117,2025-05-01,Absent
1334,1407,2025-07-16,Present
1337,1409,2025-05-31,Present
1338,936,2025-07-23,Absent
1339,653,2025-03-22,Present
1340,363,2025-03-04,Leave
1341,652,2025-05-23,Absent
1342,1053,2025-12-06,Absent
1343,732,2025-07-19,Leave
1345,74,2025-11-29,Leave
1347,1248,2025-10-07,Leave
1348,1038,2025-04-29,Present
1349,891,2025-03-21,Leave
1350,1261,2025-09-08,Leave
1357,382,2025-07-26,Absent
1361,517,2025-02-23,Present
1362,801,2025-10-03,Present
1363,1050,2025-03-01,Present
1364,108,2025-11-08,Absent
1365,1312,2025-03-16,Absent
1369,830,2025-08-19,Absent
1370,999,2025-12-28,Leave
1371,243,2025-07-20,Present
1374,517,2025-12-15,Leave
1375,64,2025-05-06,Absent
1380,786,2025-05-09,Leave
1382,194,2025-05-18,Present
1383,192,2025-02-26,Present
1386,753,2025-07-06,Present
1387,1036,2025-08-08,Present
1388,915,2025-06-20,Present
1394,1094,2025-01-16,Leave
1397,1411,2025-03-02,Absent
1398,827,2025-12-10,Absent
1403,537,2025-07-11,Leave
1406,421,2025-01-23,Leave
1407,1280,2025-11-07,Absent
1408,963,2025-01-05,Present
1409,176,2025-01-09,Present
1410,1236,2025-09-05,Absent
1411,160,2025-10-16,Leave
1412,494,2025-02-20,Absent
1413,737,2025-11-21,Present
1414,1299,2025-01-30,Present
1415,429,2025-07-17,Leave
1418,339,2025-04-09,Leave
1419,1010,2025-04-18,Absent
1420,16,2025-07-04,Present
1423,1127,2025-07-28,Absent
1427,375,2025-04-10,Present
1428,28,2025-01-13,Present
1430,985,2025-07-26,Leave
1434,1342,2025-03-20,Absent
1438,513,2025-10-15,Present
1440,1031,2025-12-15,Absent
1442,198,2025-09-05,Leave
1444,79,2025-10-21,Absent
1447,572,2025-12-09,Leave
1449,184,2025-01-19,Present
1451,252,2025-08-21,Absent
1454,201,2025-07-01,Present
1455,985,2025-08-11,Leave
1460,829,2025-04-01,Absent
1461,1492,2025-08-08,Present
1464,1016,2025-01-24,Present
1466,971,2025-04-01,Leave
1468,475,2025-09-27,Leave
1469,723,2025-01-11,Leave
1474,992,2025-09-24,Present
1475,747,2025-12-24,Absent
1476,1294,2025-04-11,Leave
1477,49,2025-05-26,Leave
1479,1461,2025-03-20,Present
1480,353,2025-01-25,Leave
1482,132,2025-12-13,Present
1484,212,2025-02-11,Present
1485,1003,2025-08-13,Absent
1487,467,2025-04-21,Absent
1488,395,2025-02-02,Absent
1489,1245,2025-05-09,Absent
1490,1377,2025-01-18,Present
1491,489,2025-05-06,Present
1492,80,2025-02-20,Absent
1493,362,2025-01-23,Absent
1497,938,2025-02-19,Present
1498,779,2025-05-14,Leave
1500,1379,2025-01-08,Present
1501,803,2025-08-25,Absent
1504,483,2025-09-03,Leave
1505,654,2025-05-21,Leave
1506,1041,2025-08-16,Leave
1508,641,2025-03-06,Absent
1509,699,2025-06-11,Absent
1512,775,2025-01-04,Absent
1513,524,2025-07-07,Absent
1515,19,2025-12-19,Leave
1516,1260,2025-09-10,Present
1517,724,2025-02-09,Absent
1518,944,2025-05-05,Leave
1519,1267,2025-01-14,Present
1524,1278,2025-09-08,Absent
1525,344,2025-03-18,Present
1527,1014,2025-03-14,Present
1528,11,2025-11-22,Present
1529,238,2025-03-24,Present
1530,249,2025-10-20,Leave
1531,432,2025-07-09,Leave
1535,1006,2025-01-09,Absent
1536,1196,2025-09-17,Present
1537,569,2025-06-20,Absent
1540,467,2025-12-28,Present
1541,290,2025-04-20,Leave
1542,415,2025-03-28,Absent
1543,584,2025-04-14,Present
1547,563,2025-11-04,Present
1548,1250,2025-02-12,Present
1549,658,2025-09-23,Present
1551,123,2025-07-10,Absent
1553,1300,2025-12-03,Absent
1556,121,2025-02-17,Leave
1557,905,2025-05-28,Leave
1558,1036,2025-07-19,Present
1559,662,2025-02-20,Absent
1560,1064,2025-01-07,Present
1562,466,2025-04-20,Leave
1566,597,2025-11-06,Absent
1567,1126,2025-01-31,Leave
1577,101,2025-11-30,Leave
1578,1060,2025-09-05,Present
1580,1484,2025-03-14,Absent
1582,331,2025-05-30,Leave
1584,933,2025-08-12,Absent
1585,859,2025-10-28,Absent
1586,1482,2025-09-03,Present
1587,1263,2025-04-08,Leave
1589,211,2025-11-30,Absent
1590,339,2025-02-06,Absent
1592,1426,2025-08-04,Absent
1594,1415,2025-10-12,Present
1596,1080,2025-02-24,Leave
1597,696,2025-05-04,Absent
1598,1133,2025-07-24,Leave
1599,485,2025-03-12,Absent
1602,348,2025-09-06,Absent
1603,218,2025-02-22,Present
1605,1309,2025-09-29,Absent
1606,833,2025-08-17,Leave
1607,1141,2025-07-22,Present
1608,793,2025-05-06,Leave
1609,353,2026-01-01,Leave
1612,1111,2025-02-19,Present
1613,486,2025-05-16,Absent
1616,804,2025-07-02,Present
1617,98,2025-07-14,Absent
1619,1467,2025-04-29,Leave
1620,1299,2025-03-07,Leave
1621,940,2025-12-23,Present
1625,944,2025-01-01,Leave
1626,1118,2025-09-20,Absent
1627,1007,2025-11-26,Leave
1631,287,2025-01-06,Absent
1635,1483,2025-07-09,Leave
1636,1035,2025-06-02,Absent
1638,1098,2025-02-19,Absent
1639,21,2025-06-11,Absent
1643,378,2025-05-13,Absent
1645,381,2025-10-01,Present
1646,1494,2025-05-29,Absent
1648,99,2025-04-11,Absent
1652,288,2025-04-02,Present
1653,511,2025-02-16,Absent
1654,214,2025-09-29,Leave
1658,353,2025-05-02,Present
1659,140,2025-09-28,Absent
1664,373,2025-03-31,Absent
1665,1446,2025-05-17,Leave
1666,726,2025-07-29,Present
1669,1192,2025-07-31,Present
1670,331,2025-02-16,Absent
1671,1216,2025-09-08,Present
1672,815,2025-07-21,Absent
1675,848,2025-08-21,Present
1680,1357,2025-11-10,Leave
1683,752,2025-10-27,Present
1685,1446,2025-11-30,Present
1687,68,2025-08-15,Leave
1689,144,2025-07-26,Absent
1691,685,2025-09-11,Leave
1692,753,2025-07-22,Leave
1693,727,2025-02-09,Absent
1694,812,2025-03-27,Present
1701,1209,2025-12-31,Present
1702,1280,2025-05-23,Absent
1704,820,2025-05-05,Present
1705,1054,2025-01-02,Present
1706,189,2025-09-22,Leave
1708,421,2025-06-05,Present
1709,1327,2025-09-28,Present
1711,284,2025-01-31,Absent
1712,843,2025-07-12,Present
1715,235,2025-02-12,Present
1718,776,2025-02-27,Leave
1719,765,2025-05-04,Absent
1720,1283,2025-05-28,Absent
1721,212,2025-05-15,Leave
1723,303,2025-01-13,Present
1724,258,2025-03-05,Present
1727,479,2025-12-30,Present
1728,1015,2025-07-08,Absent
1729,707,2025-05-28,Present
1730,501,2025-01-04,Leave
1732,525,2025-02-25,Leave
1734,1031,2025-11-29,Present
1739,1465,2025-05-07,Present
1740,184,2025-09-01,Present
1742,833,2025-08-01,Absent
1746,1055,2025-08-09,Present
1748,797,2025-07-19,Present
1749,631,2025-08-04,Absent
1751,856,2025-11-04,Absent
1753,104,2025-02-07,Present
1754,941,2025-02-16,Leave
1755,554,2025-04-30,Present
1757,1425,2025-07-01,Present
1758,530,2025-03-17,Absent
1760,983,2025-08-27,Present
1761,645,2025-03-08,Present
1762,198,2025-05-02,Leave
1764,704,2025-02-08,Present
1765,248,2025-03-15,Present
1768,276,2025-02-04,Present
1770,384,2025-10-09,Leave
1772,1447,2025-01-27,Present
1777,566,2025-08-17,Leave
1778,797,2025-02-10,Present
1781,26,2025-03-03,Present
1785,1297,2025-03-19,Leave
1786,99,2025-11-17,Present
1787,1080,2025-07-02,Absent
1788,518,2025-07-25,Absent
1790,658,2025-06-15,Present
1791,817,2025-03-26,Absent
1792,1132,2025-06-24,Leave
1793,938,2025-12-28,Leave
1795,112,2025-06-14,Absent
1798,1292,2025-10-22,Leave
1799,1426,2025-01-13,Leave
1800,15,2025-08-30,Present
1812,908,2025-04-30,Leave
1814,850,2025-06-02,Absent
1816,105,2025-09-04,Leave
1820,1341,2025-03-25,Present
1821,1181,2025-08-05,Present
1823,1375,2025-12-11,Present
1824,1416,2025-11-07,Leave
1825,44,2025-01-25,Leave
1829,454,2025-05-22,Absent
1832,1148,2025-12-14,Leave
1834,39,2025-02-05,Leave
1835,767,2025-03-25,Present
1836,71,2025-09-16,Present
1837,1494,2025-02-14,Present
1839,558,2025-07-06,Leave
1841,364,2025-12-23,Present
1844,1445,2025-12-05,Absent
1845,1056,2025-09-01,Leave
1846,1227,2025-02-09,Present
1848,1273,2025-03-09,Present
1850,356,2025-05-08,Absent
1852,1260,2025-08-12,Present
1853,957,2025-08-08,Present
1859,1172,2025-09-19,Leave
1861,1345,2025-02-19,Absent
1865,802,2025-07-15,Absent
1866,905,2025-03-03,Leave
1868,4,2025-05-16,Present
1869,844,2025-02-27,Absent
1872,483,2025-07-18,Present
1873,1477,2025-12-27,Leave
1875,482,2025-01-09,Present
1876,338,2025-11-05,Present
1879,893,2025-06-21,Absent
1880,440,2025-12-26,Present
1882,998,2025-01-21,Absent
1884,354,2025-10-26,Absent
1886,1092,2025-09-06,Present
1888,411,2025-04-26,Present
1889,1279,2025-11-13,Absent
1890,978,2025-08-12,Absent
1897,570,2025-08-19,Present
1901,287,2025-10-03,Present
1902,808,2025-06-14,Leave
1903,898,2025-05-28,Leave
1905,1231,2025-08-09,Absent
1906,1184,2025-06-11,Leave
1911,753,2025-04-19,Absent
1912,849,2025-08-18,Absent
1918,751,2025-09-25,Present
1919,1426,2025-08-29,Leave
1921,1144,2025-08-30,Leave
1923,543,2025-01-28,Leave
1926,917,2025-05-03,Leave
1927,1145,2025-04-23,Absent
1933,993,2025-07-06,Absent
1934,228,2025-12-26,Absent
1938,831,2025-08-09,Absent
1939,1366,2025-06-17,Present
1940,761,2025-07-08,Absent
1944,222,2025-03-12,Absent
1945,1063,2025-09-25,Absent
1946,1458,2025-01-05,Absent
1947,928,2025-11-17,Leave
1948,75,2025-10-09,Leave
1951,577,2025-07-27,Absent
1955,390,2025-09-08,Present
1956,546,2025-10-03,Leave
1960,1283,2025-09-16,Leave
1961,1485,2025-02-19,Present
1966,341,2025-01-25,Absent
1967,625,2025-01-08,Absent
1968,1348,2025-02-05,Leave
1970,598,2025-07-02,Present
1971,1030,2025-10-26,Present
1972,515,2025-10-28,Leave
1976,431,2025-09-20,Leave
1981,171,2025-12-05,Absent
1983,644,2025-05-19,Absent
1987,1234,2025-01-07,Present
1988,280,2025-10-22,Absent
1989,1172,2025-11-14,Present
1990,1300,2025-09-05,Leave
1991,1211,2025-01-14,Leave
1992,602,2025-02-21,Leave
1994,957,2025-08-26,Absent
1995,142,2025-01-13,Absent
1998,117,2025-01-30,Absent
1999,1069,2025-02-19,Leave
2000,535,2025-02-05,Leave
2004,909,2025-02-01,Present
2005,659,2025-03-16,Absent
2006,1466,2025-12-14,Leave
2007,656,2025-11-23,Leave
2008,791,2025-02-21,Present
2012,906,2025-06-30,Absent
2015,1115,2025-03-27,Present
2018,940,2025-03-23,Present
2019,327,2025-03-20,Leave
2020,1374,2025-04-20,Absent
2022,399,2025-09-15,Absent
2024,545,2025-09-09,Leave
2025,1230,2025-01-28,Absent
2026,477,2025-03-17,Leave
2030,541,2025-09-12,Leave
2033,152,2025-07-06,Present
2035,305,2025-01-15,Present
2036,1496,2025-09-20,Present
2038,1144,2025-11-17,Leave
2040,1005,2025-04-21,Leave
2043,128,2025-12-23,Leave
2044,173,2025-04-30,Absent
2045,995,2025-09-12,Leave
2046,39,2025-12-13,Present
2048,846,2025-08-15,Leave
2050,93,2025-02-18,Absent
2052,1061,2025-02-14,Present
2054,1332,2025-09-27,Absent
2055,1406,2025-02-15,Leave
2056,1097,2025-11-11,Absent
2059,157,2025-11-26,Leave
2060,636,2025-09-25,Leave
2061,828,2025-07-08,Leave
2062,798,2025-07-27,Leave
2063,1055,2025-03-02,Leave
2064,1353,2025-06-14,Leave
2069,749,2025-01-29,Absent
2070,328,2025-05-09,Leave
2071,869,2025-09-24,Absent
2072,1137,2025-10-20,Present
2073,1355,2025-04-18,Leave
2074,654,2025-06-18,Leave
2075,1020,2025-12-28,Present
2076,999,2025-12-02,Absent
2083,431,2025-03-07,Leave
2084,66,2025-10-09,Present
2088,722,2025-05-02,Leave
2091,384,2025-09-20,Absent
2092,1274,2025-03-02,Present
2097,1039,2025-01-16,Present
2098,211,2025-02-04,Leave
2100,698,2025-07-13,Absent
2104,1059,2025-05-12,Absent
2105,1495,2025-06-17,Leave
2107,730,2025-03-22,Present
2109,974,2025-05-02,Leave
2111,837,2025-10-13,Present
2112,939,2025-05-18,Present
2114,212,2025-11-20,Leave
2118,300,2025-04-06,Leave
2119,1470,2025-08-08,Absent
2122,449,2025-08-08,Leave
2124,1125,2025-11-06,Absent
2125,1116,2025-07-28,Present
2126,908,2025-01-03,Present
2129,457,2025-04-09,Leave
2130,457,2025-01-20,Absent
2131,984,2025-12-07,Present
2132,106,2025-06-14,Leave
2134,149,2025-06-25,Present
2137,1129,2025-10-11,Absent
2138,71,2025-11-29,Leave
2140,596,2025-09-26,Leave
2141,399,2025-10-06,Leave
2142,196,2025-07-20,Present
2144,129,2025-10-24,Leave
2145,710,2025-05-21,Leave
2148,670,2025-03-28,Leave
2149,682,2025-12-24,Leave
2150,1,2025-08-14,Present
2152,1354,2025-08-15,Leave
2153,62,2025-06-07,Leave
2154,481,2025-01-15,Leave
2158,289,2025-05-22,Leave
2165,62,2025-12-04,Present
2167,250,2025-11-15,Present
2168,594,2025-08-19,Leave
2172,1281,2025-01-13,Absent
2175,674,2025-07-28,Present
2176,867,2025-07-16,Absent
2178,438,2025-07-23,Present
2179,1111,2025-05-22,Leave
2180,1032,2025-12-17,Present
2182,658,2025-01-20,Absent
2183,906,2025-02-01,Absent
2185,1329,2025-11-22,Present
2186,1295,2025-01-22,Present
2188,1233,2025-06-15,Present
2190,697,2025-12-13,Present
2191,313,2025-01-28,Absent
2192,528,2025-06-04,Present
2193,666,2025-03-20,Present
2195,1180,2025-09-10,Absent
2196,988,2025-04-28,Absent
2198,1451,2025-08-18,Leave
2201,220,2025-08-26,Present
2203,1272,2025-03-29,Absent
2205,1408,2025-10-09,Present
2207,1279,2025-11-19,Absent
2208,1189,2025-05-16,Leave
2209,1037,2025-01-25,Leave
2214,459,2025-06-13,Absent
2217,1279,2025-12-23,Present
2218,1055,2025-08-29,Present
2219,247,2025-01-22,Leave
2220,1355,2025-02-01,Leave
2223,568,2025-10-21,Leave
2224,34,2025-12-11,Absent
2228,399,2025-07-05,Absent
2229,987,2025-09-28,Present
2231,659,2025-02-05,Absent
2232,1206,2025-02-11,Present
2233,253,2025-03-13,Present
2234,603,2025-03-24,Absent
2238,873,2025-09-23,Leave
2239,792,2025-05-23,Absent
2240,691,2025-10-11,Present
2244,165,2025-12-13,Leave
2246,1474,2025-11-14,Absent
2247,1026,2025-01-28,Absent
2250,602,2025-05-25,Absent
2251,296,2025-11-02,Leave
2253,1000,2025-03-31,Absent
2254,1082,2025-04-30,Present
2256,738,2025-06-03,Present
2257,1183,2025-10-28,Absent
2259,1094,2025-05-10,Leave
2262,1052,2025-01-24,Leave
2264,908,2025-02-08,Absent
2265,896,2025-02-05,Absent
2266,926,2025-07-21,Absent
2268,1448,2025-12-17,Present
2269,744,2025-10-15,Leave
2271,416,2025-11-25,Present
2272,1098,2025-09-03,Absent
2276,1440,2025-02-23,Leave
2277,1043,2025-01-18,Present
2278,910,2025-08-28,Absent
2280,1071,2025-09-06,Absent
2283,925,2025-03-15,Present
2284,1036,2025-11-25,Present
2285,1444,2025-01-07,Present
2286,231,2025-01-24,Present
2287,909,2025-02-15,Leave
2289,1225,2025-08-30,Leave
2292,89,2025-09-02,Present
2296,1288,2025-03-05,Leave
2297,399,2025-03-19,Leave
2299,1114,2025-02-07,Leave
2300,370,2025-09-18,Leave
2303,651,2025-01-28,Absent
2307,1309,2025-06-28,Absent
2311,1421,2025-03-19,Absent
2316,1202,2025-07-23,Present
2319,404,2025-06-04,Present
2323,439,2025-07-01,Present
2324,169,2025-08-24,Present
2326,864,2025-08-01,Present
2329,1026,2025-06-04,Present
2332,140,2025-11-05,Leave
2336,773,2025-05-25,Present
2339,1477,2025-01-29,Absent
2340,984,2025-01-24,Absent
2342,796,2025-08-14,Present
2344,467,2025-08-09,Leave
2347,301,2025-12-12,Leave
2348,328,2025-01-29,Absent
2351,1141,2025-04-23,Leave
2352,498,2025-04-05,Absent
2353,1175,2025-11-15,Leave
2359,923,2025-07-16,Present
2360,303,2025-03-08,Leave
2362,1299,2025-09-13,Leave
2364,1019,2025-10-24,Present
2366,277,2025-06-11,Leave
2369,1063,2025-04-10,Absent
2375,674,2025-09-20,Present
2379,1063,2025-03-04,Absent
2380,209,2025-07-31,Leave
2381,443,2025-08-30,Present
2384,1454,2025-06-30,Absent
2387,1345,2025-06-28,Absent
2389,1449,2025-11-03,Leave
2390,836,2025-10-14,Absent
2393,285,2025-09-02,Absent
2397,483,2025-05-06,Leave
2399,1313,2025-03-26,Absent
2400,998,2025-06-19,Absent
2401,634,2025-02-13,Leave
2406,175,2025-01-27,Absent
2408,745,2025-11-11,Present
2409,504,2025-11-10,Leave
2417,1326,2025-11-15,Present
2421,1414,2025-03-08,Leave
2422,6,2025-09-29,Present
2426,104,2025-10-27,Absent
2429,822,2025-04-14,Absent
2431,818,2025-12-15,Present
2432,337,2025-03-19,Present
2433,193,2025-07-26,Leave
2436,106,2025-11-05,Absent
2437,72,2025-05-23,Absent
2438,1355,2025-01-12,Leave
2440,908,2025-08-21,Present
2442,594,2025-12-01,Absent
2445,810,2025-08-01,Present
2446,412,2025-06-24,Present
2448,1233,2025-09-30,Leave
2449,190,2025-10-26,Leave
2450,562,2025-05-11,Leave
2452,1094,2025-07-26,Absent
2453,1310,2025-01-03,Leave
2454,956,2025-09-08,Present
2455,140,2025-06-01,Absent
2456,988,2025-04-10,Present
2457,174,2025-08-03,Absent
2458,670,2025-07-05,Absent
2459,1448,2025-10-30,Absent
2460,349,2025-04-02,Present
2462,727,2025-08-10,Absent
2466,727,2025-06-01,Present
2468,1389,2025-11-26,Present
2469,887,2025-01-14,Present
2470,564,2025-05-22,Absent
2471,682,2025-02-28,Absent
2472,831,2025-01-06,Absent
2474,159,2025-06-27,Present
2475,588,2025-12-20,Absent
2478,1098,2025-12-25,Leave
2480,102,2025-02-04,Absent
2481,797,2025-03-29,Present
2483,1088,2025-08-12,Leave
2485,635,2025-03-03,Absent
2486,979,2025-10-23,Present
2488,431,2025-04-30,Absent
2489,1029,2025-10-15,Present
2494,756,2025-04-07,Present
2495,351,2025-05-01,Absent
2497,124,2025-12-19,Present
2498,838,2025-02-12,Present
2499,95,2025-08-26,Present
2501,384,2025-11-01,Leave
2502,1106,2025-03-08,Absent
2503,593,2025-09-04,Absent
2510,169,2025-08-08,Absent
2512,1360,2025-08-07,Present
2513,1099,2025-02-25,Present
2514,190,2025-06-04,Absent
2517,820,2025-05-28,Leave
2518,1309,2025-09-03,Present
2519,1379,2025-10-01,Absent
2521,836,2025-09-01,Leave
2523,390,2025-01-15,Absent
2524,670,2025-06-19,Leave
2526,334,2025-11-19,Present
2528,80,2025-01-27,Leave
2529,169,2025-05-25,Present
2531,483,2025-04-04,Leave
2533,29,2025-08-12,Absent
2534,1027,2025-02-16,Leave
2539,950,2025-10-14,Absent
2540,334,2025-12-06,Absent
2541,105,2025-02-28,Absent
2543,503,2025-03-15,Present
2546,1241,2025-02-21,Present
2548,1229,2025-08-05,Absent
2549,1125,2025-05-19,Leave
2550,60,2025-01-24,Present
2556,498,2025-07-08,Leave
2557,462,2025-03-28,Leave
2558,1110,2025-03-17,Present
2560,290,2025-11-05,Leave
2563,100,2025-05-12,Present
2564,886,2025-02-01,Absent
2565,295,2025-04-21,Present
2566,1098,2025-06-16,Present
2570,886,2025-03-30,Absent
2572,1000,2025-07-22,Present
2574,202,2025-01-26,Leave
2579,917,2025-09-23,Present
2583,311,2025-12-20,Present
2584,1270,2025-09-29,Leave
2587,779,2025-02-06,Absent
2588,132,2025-11-20,Absent
2589,1459,2025-11-25,Present
2595,1490,2025-12-09,Present
2597,109,2025-06-14,Absent
2599,998,2025-08-03,Leave
2603,1281,2025-03-30,Absent
2605,1193,2025-06-26,Present
2606,454,2025-02-12,Present
2607,289,2025-10-16,Present
2610,319,2025-02-25,Absent
2614,1227,2025-10-20,Present
2618,181,2025-06-24,Absent
2619,526,2025-05-29,Leave
2623,1302,2025-04-13,Leave
2624,823,2025-04-02,Leave
2625,183,2025-03-29,Leave
2627,17,2025-06-02,Present
2629,576,2025-08-10,Absent
2634,801,2025-07-16,Present
2635,277,2025-03-19,Absent
2636,16,2025-06-21,Absent
2637,1412,2025-08-15,Absent
2640,912,2025-06-16,Leave
2641,381,2025-08-17,Leave
2643,998,2025-05-31,Leave
2644,301,2025-10-24,Leave
2646,721,2025-06-20,Leave
2653,227,2025-01-06,Absent
2658,1118,2025-02-10,Absent
2661,115,2025-08-19,Present
2664,300,2025-04-18,Present
2666,370,2025-03-26,Leave
2667,1336,2025-09-20,Present
2668,156,2025-10-05,Leave
2670,396,2025-07-01,Leave
2673,845,2025-09-02,Leave
2674,1254,2025-06-25,Absent
2675,1422,2025-05-12,Present
2679,917,2025-02-13,Absent
2681,819,2025-12-05,Absent
2684,1039,2025-08-20,Leave
2685,163,2025-07-24,Absent
2686,110,2025-04-09,Leave
2693,332,2025-09-03,Leave
2694,606,2025-07-25,Leave
2696,28,2025-10-03,Present
2697,151,2025-11-23,Absent
2702,1482,2025-06-06,Leave
2706,1199,2025-07-25,Present
2708,1290,2025-10-16,Absent
2712,716,2025-07-22,Present
2713,81,2025-07-31,Present
2714,1268,2025-06-04,Absent
2716,562,2025-04-26,Present
2718,80,2025-04-11,Present
2719,1109,2025-03-01,Absent
2724,886,2025-02-24,Absent
2729,102,2025-04-04,Absent
2732,1184,2025-03-29,Present
2737,1045,2025-02-15,Absent
2738,1278,2025-06-04,Present
2740,1017,2025-06-19,Present
2742,1171,2025-09-14,Leave
2743,784,2025-02-17,Absent
2744,1351,2025-06-30,Absent
2746,83,2025-03-08,Absent
2749,1402,2025-04-12,Absent
2750,370,2025-06-09,Absent
2753,665,2025-11-20,Absent
2755,258,2025-06-15,Absent
2757,1324,2025-04-12,Present
2759,454,2025-12-17,Absent
2760,796,2025-06-19,Present
2767,665,2025-05-21,Leave
2770,405,2025-08-31,Absent
2771,613,2025-01-27,Absent
2772,750,2025-10-10,Absent
2773,222,2025-07-15,Absent
2774,391,2025-04-19,Present
2775,735,2025-12-01,Present
2779,696,2025-05-31,Absent
2783,1233,2025-10-10,Absent
2784,512,2025-08-01,Leave
2791,314,2025-11-27,Leave
2792,680,2025-11-12,Leave
2793,1500,2025-05-10,Leave
2797,1149,2025-04-24,Absent
2798,551,2025-08-12,Present
2801,151,2025-02-26,Absent
2802,1278,2025-06-15,Present
2803,947,2025-01-20,Leave
2804,652,2025-09-03,Present
2805,1033,2025-07-12,Absent
2808,1464,2025-05-13,Leave
2809,1122,2025-05-04,Leave
2811,454,2025-10-21,Present
2812,1108,2025-04-05,Absent
2813,207,2025-02-15,Present
2814,224,2025-10-08,Leave
2818,1295,2025-06-23,Present
2819,380,2025-12-03,Absent
2820,1362,2025-08-02,Absent
2824,673,2025-11-22,Present
2825,1173,2025-03-13,Absent
2832,663,2025-10-15,Present
2833,325,2025-06-02,Present
2836,1436,2025-08-06,Present
2837,1333,2025-07-29,Leave
2838,716,2025-01-07,Leave
2839,954,2025-02-13,Leave
2840,1182,2025-12-02,Present
2842,994,2025-12-15,Absent
2844,631,2025-10-23,Absent
2847,1447,2025-04-23,Present
2853,445,2025-02-05,Absent
2854,1211,2025-01-20,Leave
2855,1403,2025-10-23,Absent
2856,475,2025-10-02,Present
2859,1375,2025-02-24,Present
2860,138,2025-07-18,Present
2862,1131,2025-12-05,Absent
2863,71,2025-08-12,Leave
2865,660,2025-07-05,Leave
2872,924,2025-06-24,Leave
2876,922,2025-10-22,Absent
2877,732,2025-02-17,Leave
2878,91,2025-06-06,Absent
2880,1147,2025-05-16,Leave
2883,1369,2025-08-06,Present
2884,284,2025-03-21,Absent
2889,631,2025-08-30,Leave
2890,1034,2025-07-26,Present
2892,362,2025-01-22,Leave
2894,627,2025-05-07,Present
2895,648,2025-01-18,Present
2896,1354,2025-12-23,Present
2897,268,2025-08-30,Absent
2898,524,2025-01-18,Absent
2899,936,2025-11-26,Leave
2900,247,2025-07-25,Leave
2902,1026,2025-06-26,Absent
2903,1400,2025-01-27,Leave
2904,398,2025-03-21,Leave
2905,678,2025-05-24,Leave
2909,315,2025-09-08,Leave
2910,1085,2025-06-08,Absent
2911,654,2025-10-29,Absent
2912,735,2025-03-12,Leave
2913,1062,2025-11-20,Leave
2914,139,2025-05-14,Absent
2915,515,2025-11-19,Leave
2916,1412,2025-05-16,Present
2917,1270,2025-01-08,Leave
2919,1338,2025-11-08,Leave
2920,381,2025-10-22,Absent
2923,863,2025-06-11,Leave
2924,548,2025-04-17,Leave
2927,956,2025-03-17,Absent
2930,1488,2025-12-23,Absent
2932,680,2025-01-07,Leave
2935,764,2025-08-02,Leave
2936,1328,2025-08-22,Leave
2937,321,2025-12-14,Absent
2942,586,2025-12-31,Present
2943,1156,2025-10-16,Leave
2944,1224,2025-02-13,Present
2945,1098,2025-10-29,Present
2947,1172,2025-09-04,Absent
2949,1146,2025-09-14,Absent
2951,286,2025-03-09,Absent
2952,386,2025-09-14,Absent
2953,1019,2025-12-09,Absent
2958,606,2025-08-03,Leave
2959,810,2025-08-02,Present
2961,907,2025-02-24,Absent
2965,196,2025-10-26,Leave
2969,398,2025-05-10,Absent
2971,1401,2025-12-08,Present
2975,661,2025-01-22,Leave
2976,550,2025-03-23,Absent
2979,758,2025-11-18,Leave
2980,1107,2025-01-07,Leave
2981,1189,2025-07-03,Present
2983,894,2025-04-29,Leave
2986,1088,2025-08-08,Present
2987,1474,2025-11-03,Absent
2988,821,2025-04-20,Present
2991,1151,2025-04-09,Present
2995,864,2025-02-06,Absent
2997,1293,2025-07-07,Present
2998,1231,2025-12-14,Present
2999,1478,2025-12-08,Present
3000,564,2025-04-24,Present
3003,572,2025-10-14,Leave
3004,8,2025-10-12,Present
3010,82,2025-10-02,Absent
3011,1464,2025-03-31,Present
3012,1476,2025-10-07,Absent
3015,372,2025-08-03,Present
3017,953,2025-01-26,Leave
3018,597,2025-12-13,Leave
3019,1001,2025-02-07,Absent
3022,1159,2025-03-27,Leave
3023,1018,2025-07-20,Leave
3024,266,2025-02-16,Present
3027,1359,2025-08-18,Present
3028,723,2025-10-23,Present
3029,271,2025-04-22,Absent
3030,1333,2025-12-26,Leave
3032,103,2025-06-17,Present
3034,644,2025-07-11,Absent
3035,1087,2025-09-07,Leave
3037,761,2025-12-18,Leave
3039,410,2025-10-26,Absent
3043,549,2025-08-29,Absent
3045,897,2025-12-27,Absent
3046,695,2025-12-22,Leave
3050,125,2025-09-15,Present
3051,1301,2025-06-20,Present
3052,1371,2025-07-21,Present
3053,866,2025-06-20,Leave
3054,1046,2025-04-20,Leave
3055,1232,2025-04-07,Leave
3056,45,2025-09-13,Absent
3058,140,2025-02-21,Absent
3059,934,2025-06-06,Present
3060,578,2025-09-16,Leave
3061,294,2025-10-06,Absent
3062,496,2025-12-07,Absent
3064,734,2025-10-14,Absent
3065,1170,2025-02-17,Leave
3066,800,2025-09-20,Present
3071,454,2025-06-24,Leave
3072,1348,2025-12-01,Leave
3073,1114,2025-04-13,Absent
3075,153,2025-01-13,Present
3076,261,2025-02-28,Present
3078,44,2025-08-24,Present
3079,911,2025-02-04,Present
3080,403,2025-07-03,Present
3081,245,2025-03-10,Leave
3082,1196,2025-01-19,Absent
3084,665,2025-03-23,Present
3088,976,2025-08-25,Leave
3090,102,2025-04-12,Present
3091,1277,2025-11-09,Present
3098,929,2025-06-20,Present
3101,1347,2025-01-19,Present
3103,1030,2025-02-20,Leave
3104,971,2025-11-05,Leave
3109,119,2025-05-03,Present
3110,1117,2025-10-28,Present
3113,829,2025-02-24,Leave
3114,662,2025-05-15,Present
3115,180,2025-03-12,Present
3116,61,2025-07-28,Leave
3117,1371,2025-04-21,Present
3118,1055,2025-01-28,Present
3119,1007,2025-12-06,Present
3120,1488,2025-06-20,Leave
3121,496,2025-01-26,Leave
3122,593,2025-10-06,Leave
3123,1250,2025-03-25,Absent
3130,1362,2025-10-09,Absent
3131,1461,2025-05-18,Leave
3132,1172,2025-12-08,Leave
3134,1377,2025-02-26,Absent
3135,1234,2025-10-12,Absent
3139,1362,2025-08-11,Leave
3140,1040,2025-07-16,Present
3141,1325,2025-01-03,Present
3142,1240,2025-12-20,Present
3145,927,2025-03-03,Leave
3147,237,2025-05-17,Absent
3149,189,2025-10-15,Absent
3155,784,2025-05-14,Absent
3156,1380,2025-01-20,Present
3157,488,2025-05-04,Leave
3160,1342,2025-06-27,Leave
3161,378,2025-08-15,Absent
3164,1173,2025-08-21,Leave
3165,973,2025-06-19,Leave
3166,1338,2025-04-21,Absent
3168,770,2025-10-01,Leave
3169,654,2025-01-28,Absent
3172,1205,2025-08-19,Absent
3174,532,2025-08-09,Present
3175,1145,2025-09-10,Present
3176,1261,2025-10-09,Present
3177,1456,2025-05-21,Absent
3180,484,2025-12-13,Leave
3182,113,2025-09-25,Leave
3184,1373,2025-09-03,Present
3185,1244,2025-08-22,Leave
3189,779,2025-10-09,Leave
3190,284,2025-04-25,Present
3192,273,2025-01-10,Present
3194,1219,2025-08-18,Present
3197,18,2025-08-23,Absent
3199,5,2025-01-05,Present
3200,871,2025-06-05,Absent
3201,251,2025-10-08,Absent
3202,1382,2025-04-07,Absent
3203,18,2025-11-26,Leave
3204,16,2025-12-25,Present
3205,89,2025-03-30,Absent
3209,727,2025-09-05,Leave
3210,1374,2025-06-30,Absent
3211,1111,2025-11-04,Leave
3213,1248,2025-03-22,Leave
3215,1277,2025-08-02,Leave
3216,393,2025-04-17,Present
3217,502,2025-05-23,Leave
3218,1276,2025-07-06,Leave
3220,842,2025-01-19,Leave
3221,1350,2025-06-18,Present
3222,371,2025-07-09,Present
3223,478,2025-07-19,Leave
3226,217,2025-02-12,Present
3229,206,2025-08-14,Present
3231,772,2025-05-18,Present
3234,1468,2025-06-11,Leave
3235,933,2025-05-12,Leave
3236,332,2025-09-22,Absent
3237,315,2025-12-30,Absent
3238,114,2025-02-18,Absent
3239,780,2025-04-26,Absent
3240,539,2025-11-20,Absent
3241,702,2025-08-27,Present
3243,749,2025-12-07,Absent
3245,1062,2025-08-24,Leave
3248,761,2025-06-11,Absent
3251,739,2025-06-28,Absent
3252,277,2025-05-31,Present
3253,997,2025-02-18,Leave
3254,1457,2025-09-20,Absent
3255,1407,2025-08-14,Absent
3256,1198,2025-07-05,Absent
3259,714,2025-02-16,Present
3261,759,2025-01-08,Leave
3265,970,2025-06-24,Absent
3267,821,2025-09-08,Leave
3268,487,2025-04-02,Leave
3269,1298,2025-08-18,Leave
3270,594,2025-02-21,Leave
3273,677,2025-05-10,Present
3274,325,2025-02-27,Present
3277,1391,2025-12-08,Leave
3278,1278,2025-06-04,Present
3279,33,2025-09-15,Present
3280,535,2025-11-17,Present
3281,1248,2025-10-10,Absent
3284,229,2025-08-04,Leave
3286,794,2025-01-08,Absent
3288,1183,2025-06-21,Present
3289,1425,2025-04-13,Absent
3291,1434,2025-06-26,Present
3293,1028,2025-06-01,Absent
3296,668,2025-12-24,Present
3302,197,2025-11-28,Present
3303,1336,2025-05-28,Absent
3304,1292,2025-03-04,Present
3307,1467,2025-07-25,Present
3309,1024,2025-01-19,Absent
3312,882,2025-09-23,Leave
3314,743,2025-03-15,Present
3315,1103,2025-11-22,Present
3318,1116,2025-02-22,Leave
3320,1278,2025-09-08,Absent
3322,200,2025-11-05,Leave
3323,130,2025-11-09,Leave
3327,1420,2025-06-21,Leave
3329,64,2025-11-07,Absent
3333,817,2025-08-09,Present
3336,639,2025-08-27,Leave
3337,333,2025-03-16,Present
3338,448,2025-01-08,Absent
3339,1237,2025-09-20,Leave
3340,979,2025-09-22,Absent
3341,1031,2025-02-16,Leave
3342,21,2025-11-10,Leave
3343,982,2025-09-11,Absent
3344,872,2025-01-11,Present
3346,628,2025-07-15,Absent
3349,1126,2025-02-24,Present
3350,467,2025-01-06,Leave
3354,140,2025-10-17,Leave
3355,505,2025-06-15,Present
3358,163,2025-06-19,Leave
3359,154,2025-10-10,Absent
3360,25,2025-04-04,Present
3361,675,2025-03-28,Absent
3362,5,2025-06-08,Leave
3365,1061,2025-09-22,Absent
3367,757,2025-06-13,Leave
3368,802,2025-10-28,Absent
3370,1294,2025-05-20,Absent
3372,852,2025-09-10,Absent
3373,766,2025-12-11,Leave
3377,430,2025-05-06,Present
3378,621,2025-08-10,Absent
3381,316,2025-12-24,Present
3383,585,2025-05-04,Absent
3384,484,2025-03-04,Present
3385,1029,2025-06-23,Absent
3388,852,2025-06-08,Absent
3389,876,2025-10-22,Absent
3391,1306,2025-12-20,Present
3394,246,2025-06-27,Leave
3397,530,2025-01-25,Leave
3398,309,2025-04-23,Absent
3399,1130,2025-07-14,Leave
3404,866,2025-02-16,Leave
3405,477,2025-10-18,Absent
3410,1070,2025-10-01,Absent
3411,511,2025-06-07,Present
3412,343,2025-03-11,Absent
3416,961,2025-09-25,Absent
3418,954,2025-01-09,Absent
3419,120,2025-03-31,Absent
3420,631,2025-05-09,Absent
3423,286,2025-03-22,Absent
3424,833,2025-05-25,Present
3426,960,2025-03-09,Absent
3428,1372,2025-08-02,Leave
3431,1348,2025-04-07,Absent
3433,198,2025-04-24,Leave
3434,920,2025-04-18,Absent
3438,270,2025-12-13,Absent
3439,105,2025-06-25,Leave
3442,1186,2025-09-21,Absent
3445,641,2025-08-22,Leave
3446,998,2025-05-09,Absent
3450,303,2025-11-28,Present
3451,736,2025-07-16,Present
3454,666,2025-06-21,Present
3455,575,2025-08-28,Absent
3457,4,2025-05-20,Leave
3458,919,2025-03-01,Absent
3459,336,2025-10-25,Absent
3460,922,2025-01-18,Absent
3462,738,2025-10-01,Absent
3468,20,2025-03-07,Present
3469,1372,2025-06-27,Leave
3470,1216,2025-07-22,Present
3471,1197,2025-04-19,Absent
3472,458,2025-11-04,Absent
3475,1278,2025-02-14,Present
3480,390,2025-01-22,Leave
3486,1081,2025-07-19,Present
3487,421,2025-07-28,Present
3491,1030,2025-08-16,Present
3497,955,2025-06-02,Absent
3499,730,2025-10-02,Present
3502,776,2025-10-18,Present
3503,1276,2025-05-18,Leave
3505,1138,2025-12-15,Leave
3506,345,2025-10-15,Present
3507,1400,2025-04-13,Leave
3508,297,2025-09-09,Present
3509,1360,2025-05-18,Leave
3512,1303,2025-04-05,Present
3513,842,2025-02-09,Leave
3514,920,2025-04-14,Present
3515,620,2025-09-10,Present
3516,1001,2025-07-11,Present
3520,379,2025-09-03,Absent
3523,344,2025-05-06,Absent
3524,487,2025-08-07,Absent
3525,552,2025-03-28,Leave
3527,1019,2025-07-24,Absent
3529,1468,2025-04-02,Leave
3531,15,2025-08-19,Present
3534,775,2025-01-25,Leave
3535,560,2025-03-25,Leave
3536,134,2025-12-29,Present
3538,966,2025-10-22,Leave
3539,440,2025-05-07,Leave
3540,992,2025-06-05,Present
3541,308,2025-11-05,Absent
3543,177,2025-07-11,Absent
3545,12,2025-02-11,Leave
3547,782,2025-06-24,Leave
3549,990,2025-01-02,Leave
3553,83,2025-11-06,Leave
3554,627,2025-07-17,Present
3555,1050,2025-11-14,Present
3556,446,2025-05-21,Present
3558,263,2025-10-27,Absent
3560,1446,2025-08-02,Absent
3562,808,2025-11-18,Leave
3564,136,2025-04-17,Present
3565,18,2025-07-28,Absent
3566,1419,2025-09-24,Present
3568,304,2025-12-22,Leave
3570,1338,2025-09-24,Leave
3571,717,2025-03-11,Present
3574,100,2025-07-07,Absent
3577,1277,2025-03-10,Leave
3578,637,2025-03-09,Present
3579,1431,2025-06-25,Leave
3580,333,2025-12-17,Present
3582,1145,2025-06-27,Leave
3583,1458,2025-01-14,Present
3585,1222,2025-06-05,Absent
3586,719,2025-02-17,Present
3587,973,2025-03-04,Present
3593,911,2025-10-12,Present
3594,368,2025-01-10,Absent
3596,430,2025-06-20,Leave
3598,657,2025-07-12,Leave
3599,279,2025-07-11,Absent
3603,490,2025-06-23,Leave
3607,1162,2025-09-14,Present
3608,766,2025-08-21,Present
3610,574,2025-12-02,Absent
3611,634,2025-07-14,Present
3613,1030,2025-04-28,Present
3616,22,2025-09-06,Leave
3617,1042,2025-07-11,Leave
3619,169,2025-12-16,Absent
3620,249,2025-07-16,Absent
3621,595,2025-07-09,Leave
3625,1461,2025-10-17,Leave
3627,1244,2025-03-15,Present
3628,565,2025-12-02,Present
3630,759,2025-10-04,Present
3633,1257,2026-01-01,Absent
3634,338,2025-01-13,Absent
3635,1163,2025-07-28,Absent
3636,938,2025-01-06,Present
3637,94,2025-03-08,Leave
3640,535,2025-12-28,Leave
3641,205,2025-10-06,Leave
3643,255,2025-12-22,Leave
3646,88,2025-10-12,Absent
3649,837,2025-05-18,Leave
3651,143,2025-04-09,Absent
3655,217,2025-08-04,Absent
3662,241,2025-09-13,Absent
3663,1002,2025-02-12,Absent
3671,807,2025-04-23,Leave
3673,430,2026-01-01,Absent
3674,1096,2025-05-08,Present
3680,606,2025-07-18,Absent
3683,292,2025-06-17,Leave
3685,588,2025-10-13,Absent
3686,1290,2025-11-30,Present
3687,663,2025-04-15,Absent
3688,1211,2025-04-23,Absent
3690,954,2025-08-03,Present
3691,1132,2025-02-06,Leave
3692,525,2025-08-28,Present
3694,356,2025-02-24,Absent
3697,595,2025-07-16,Present
3698,163,2025-11-12,Leave
3699,687,2025-11-20,Present
3703,404,2025-11-26,Leave
3704,1300,2025-04-08,Absent
3705,1173,2025-01-08,Leave
3707,324,2025-05-20,Present
3708,474,2025-02-10,Absent
3709,149,2025-07-06,Absent
3710,905,2025-09-09,Leave
3713,242,2025-05-12,Leave
3714,211,2025-12-01,Present
3718,34,2025-03-12,Absent
3719,510,2025-05-10,Present
3720,646,2025-03-30,Present
3722,309,2025-09-25,Absent
3724,531,2025-06-19,Leave
3726,1220,2025-04-16,Leave
3727,636,2025-04-02,Absent
3730,5,2025-08-20,Leave
3734,501,2025-02-06,Absent
3737,1153,2025-01-04,Absent
3738,1051,2025-04-22,Present
3739,557,2025-05-25,Present
3741,512,2025-04-02,Absent
3742,835,2025-07-07,Present
3744,800,2025-09-13,Leave
3745,116,2025-01-23,Absent
3747,587,2025-02-03,Present
3750,1298,2025-04-03,Absent
3751,639,2025-06-24,Absent
3753,636,2025-11-21,Leave
3754,1078,2025-03-09,Leave
3756,1426,2025-05-07,Absent
3758,1294,2025-06-21,Leave
3759,1386,2025-02-04,Leave
3761,657,2025-04-17,Present
3762,1146,2025-08-17,Present
3763,123,2025-07-23,Present
3764,145,2025-09-09,Absent
3765,1475,2025-12-28,Leave
3768,713,2025-05-25,Leave
3769,742,2025-09-06,Absent
3771,397,2025-09-28,Present
3772,474,2025-09-18,Leave
3779,270,2025-03-29,Leave
3780,832,2025-07-05,Present
3781,876,2025-12-19,Leave
3786,918,2025-07-09,Leave
3791,407,2025-09-21,Leave
3794,309,2025-02-22,Absent
3796,365,2025-01-29,Leave
3798,160,2025-03-14,Absent
3800,212,2025-04-16,Leave
3806,154,2025-06-15,Leave
3807,718,2025-01-03,Leave
3809,512,2025-11-30,Leave
3812,1347,2025-04-23,Leave
3816,1150,2025-11-09,Present
3818,1000,2025-12-09,Present
3819,470,2025-02-25,Present
3820,728,2025-10-30,Absent
3822,409,2025-12-31,Absent
3823,517,2025-05-17,Leave
3828,163,2025-09-27,Absent
3829,958,2025-10-20,Absent
3831,813,2025-08-06,Leave
3832,618,2025-08-13,Leave
3833,941,2025-07-28,Absent
3841,851,2025-11-02,Absent
3842,763,2025-03-10,Absent
3843,121,2025-08-17,Leave
3846,32,2025-03-31,Leave
3849,1066,2025-03-03,Leave
3850,842,2025-01-05,Present
3856,876,2025-10-23,Leave
3857,1260,2025-03-30,Leave
3858,1104,2025-04-07,Leave
3860,256,2025-05-29,Present
3861,472,2025-05-16,Present
3863,238,2025-03-01,Absent
3865,631,2025-10-27,Absent
3866,299,2025-05-11,Absent
3870,579,2025-08-12,Leave
3873,512,2025-09-06,Present
3874,1174,2025-09-23,Absent
3878,1043,2025-01-21,Absent
3880,1276,2025-03-17,Leave
3881,96,2025-01-15,Absent
3883,795,2025-04-26,Present
3884,648,2025-05-24,Absent
3885,1307,2025-07-05,Absent
3886,1111,2025-10-10,Leave
3887,978,2025-02-07,Present
3888,1263,2025-11-09,Present
3891,389,2025-07-03,Present
3895,1108,2025-02-10,Present
3898,1230,2025-06-19,Absent
3899,977,2025-02-21,Leave
3900,914,2025-08-20,Present
3902,32,2025-09-24,Leave
3904,1118,2025-09-30,Present
3909,1011,2025-11-25,Absent
3910,202,2025-10-29,Absent
3914,746,2025-08-12,Leave
3916,463,2025-02-12,Leave
3917,1388,2025-11-04,Absent
3918,667,2025-10-03,Absent
3919,1101,2025-02-28,Leave
3920,194,2025-10-04,Leave
3921,1169,2025-03-27,Absent
3922,370,2025-10-10,Absent
3923,1356,2025-08-09,Present
3928,591,2025-11-28,Absent
3929,1393,2025-02-18,Absent
3930,717,2025-10-24,Present
3935,1255,2025-03-13,Present
3937,405,2025-07-17,Present
3939,879,2025-09-11,Absent
3940,55,2025-05-14,Present
3941,205,2025-04-08,Absent
3945,526,2025-05-15,Absent
3953,899,2025-06-02,Present
3954,532,2025-12-17,Present
3955,146,2025-02-13,Present
3962,1227,2025-07-09,Absent
3963,1356,2025-03-13,Absent
3964,867,2025-08-23,Present
3966,175,2025-02-14,Leave
3967,1402,2025-03-26,Leave
3968,518,2025-10-25,Present
3969,969,2025-09-21,Absent
3970,1306,2025-10-13,Present
3971,1469,2025-01-19,Leave
3973,322,2025-09-27,Absent
3976,743,2025-06-16,Leave
3977,272,2025-04-04,Present
3981,278,2025-07-11,Leave
3982,1119,2025-01-24,Absent
3984,1107,2025-05-11,Absent
3985,269,2025-11-03,Absent
3986,469,2025-04-15,Present
3987,811,2025-10-02,Present
3988,400,2025-04-30,Leave
3989,1022,2025-09-26,Absent
3991,523,2025-12-31,Present
3992,943,2025-05-16,Absent
3994,1035,2025-04-28,Leave
3995,623,2025-01-06,Present
3997,533,2025-08-27,Leave
3998,1021,2025-11-21,Present
3999,185,2025-12-11,Present
4000,1333,2025-07-31,Leave
