emp_id,emp_name,dept_id,salary,hire_date
1,Eswar 1,10,33271,2021-11-10
2,Divya 2,8,83915,2024-04-18
3,Manoj 3,4,37302,2024-06-21
4,Arun 4,7,81723,2025-10-24
5,Arun 5,8,59908,2021-07-26
6,Yamini 6,2,66606,2019-05-06
7,Arun 7,1,110137,2025-01-26
8,Arun 8,7,114978,2021-06-06
9,Nisha 9,1,94157,2021-06-27
10,Praveen 10,8,97464,2021-08-12
11,Lakshmi 11,4,113715,2021-06-15
12,Praveen 12,5,27816,2023-09-01
13,Vijay 13,2,49367,2026-01-21
14,John 14,2,68607,2024-08-13
15,Nisha 15,9,112858,2021-02-16
16,John 16,5,102015,2024-08-07
17,Sneha 17,7,102201,2019-05-22
18,Rahul 18,4,77990,2023-08-25
19,Farah 19,6,96932,2023-03-15
20,Charan 20,8,112000,2024-09-13
21,Divya 21,3,93280,2023-05-30
22,Lakshmi 22,8,28876,2024-04-06
23,Bala 23,5,117193,2025-11-23
24,Yamini 24,10,76589,2026-04-04
25,Farah 25,3,90829,2021-07-18
26,Arun 26,4,95728,2025-02-23
27,Hari 27,7,92341,2022-11-09
28,Yamini 28,6,85179,2022-01-07
29,Vijay 29,10,25748,2023-04-21
30,Sneha 30,3,92984,2025-04-18
31,Gokul 31,7,32356,2024-05-24
32,Lakshmi 32,10,97666,2021-03-29
33,Sneha 33,7,88560,2023-01-01
34,Nisha 34,6,25207,2025-01-14
35,Vijay 35,10,105275,2022-09-18
36,Praveen 36,10,28666,2021-07-29
37,Farah 37,9,101606,2021-01-10
38,Charan 38,9,58461,2019-05-13
39,Charan 39,2,27187,2024-01-30
40,Arun 40,5,57710,2022-01-05
41,Divya 41,10,49197,2022-11-11
42,John 42,2,46950,2020-10-15
43,Indu 43,9,47039,2026-05-13
44,Indu 44,5,84598,2022-08-11
45,Rahul 45,8,39967,2019-04-07
46,John 46,7,70002,2023-09-21
47,Gokul 47,5,39255,2021-11-04
48,Sneha 48,4,104383,2023-11-04
49,Arun 49,4,27341,2023-06-16
50,Eswar 50,1,119219,2020-10-18
51,Praveen 51,9,113889,2023-10-14
52,Vijay 52,4,107676,2024-10-16
53,Praveen 53,4,93668,2026-04-10
54,Arun 54,7,113460,2025-06-16
55,Kavi 55,7,32705,2022-05-08
56,Eswar 56,4,31218,2022-06-08
57,Charan 57,2,65679,2022-05-05
58,Farah 58,7,99047,2021-10-30
59,Eswar 59,1,98494,2019-06-05
60,Yamini 60,4,99747,2024-03-02
61,Farah 61,10,91699,2019-06-03
62,Manoj 62,4,70472,2020-02-10
63,Gokul 63,10,113362,2023-11-09
64,Yamini 64,4,89533,2020-03-03
65,Manoj 65,5,91074,2024-08-09
66,Arun 66,6,105232,2023-07-06
67,John 67,1,45573,2021-04-02
68,Kavi 68,10,42713,2022-10-20
69,Nisha 69,4,59935,2020-01-30
70,Manoj 70,9,70069,2024-12-28
71,Rahul 71,9,55754,2019-09-25
72,Bala 72,2,42434,2020-11-26
73,Farah 73,9,52914,2022-01-02
74,Kavi 74,10,91307,2021-11-11
75,Lakshmi 75,6,69601,2020-04-11
76,John 76,4,104165,2024-06-25
77,Eswar 77,10,97243,2020-03-03
78,Kavi 78,1,78293,2019-10-27
79,Manoj 79,3,41386,2022-10-28
80,Divya 80,10,101992,2023-03-29
81,Charan 81,10,97125,2021-07-05
82,Yamini 82,2,59960,2023-02-03
83,John 83,10,95031,2020-04-13
84,Praveen 84,5,39120,2019-07-07
85,John 85,1,105435,2019-03-01
86,Charan 86,7,40086,2019-06-13
87,Gokul 87,4,101912,2023-09-21
88,Farah 88,2,84101,2020-11-16
89,Hari 89,3,38478,2023-11-18
90,Manoj 90,9,63538,2025-03-03
91,Indu 91,8,66216,2020-02-15
92,Gokul 92,6,30193,2019-04-22
93,Arun 93,5,103193,2022-08-04
94,Praveen 94,7,66062,2023-06-21
95,Charan 95,2,66595,2025-09-29
96,Praveen 96,2,57776,2021-05-31
97,Zara 97,9,115202,2024-04-04
98,Lakshmi 98,5,49015,2025-01-27
99,Gokul 99,5,51111,2021-10-06
100,Lakshmi 100,2,61803,2020-01-02
101,Praveen 101,2,110460,2025-06-10
102,Kavi 102,4,76180,2022-06-10
103,Bala 103,6,49485,2022-07-21
104,Yamini 104,5,57223,2022-10-01
105,Divya 105,9,105136,2025-06-29
106,Zara 106,2,57125,2021-06-20
107,Arun 107,4,77661,2019-10-24
108,Indu 108,9,34295,2019-11-04
109,Arun 109,1,63118,2023-01-11
110,Rahul 110,8,45208,2020-02-18
111,Sneha 111,6,35106,2024-09-16
112,Farah 112,3,44603,2020-08-02
113,Kavi 113,5,39008,2024-10-07
114,Zara 114,5,41554,2021-04-26
115,Eswar 115,9,119716,2019-05-11
116,Kavi 116,10,113106,2025-03-14
117,Gokul 117,3,64180,2023-11-08
118,Vijay 118,3,31364,2021-10-09
119,Indu 119,2,114401,2024-01-04
120,Nisha 120,9,57796,2025-01-26
121,Praveen 121,9,84416,2019-02-14
122,Manoj 122,6,47481,2021-11-22
123,Rahul 123,1,109730,2023-09-03
124,Yamini 124,1,33168,2022-12-24
125,Yamini 125,3,102797,2020-05-27
126,Eswar 126,5,61295,2023-06-18
127,Yamini 127,7,47567,2025-11-13
128,Charan 128,4,88700,2019-01-31
129,Farah 129,9,66581,2024-08-13
130,Praveen 130,4,56244,2022-07-05
131,Rahul 131,8,54499,2023-08-16
132,Kavi 132,9,105122,2026-04-30
133,Indu 133,4,31317,2019-10-21
134,Sneha 134,6,45901,2024-09-26
135,Gokul 135,5,64153,2022-05-12
136,Vijay 136,6,46650,2024-03-18
137,Zara 137,2,41153,2025-10-18
138,Sneha 138,10,74440,2020-12-23
139,Eswar 139,5,80935,2021-06-10
140,Yamini 140,1,89884,2023-06-01
141,Lakshmi 141,7,92509,2020-11-06
142,Vijay 142,1,93704,2020-01-06
143,Indu 143,2,60065,2019-12-09
144,Eswar 144,10,111470,2019-12-02
145,Praveen 145,4,75115,2023-11-09
146,Manoj 146,3,67659,2023-11-30
147,Eswar 147,10,88958,2021-05-18
148,Divya 148,7,103732,2024-12-27
149,Nisha 149,2,111574,2022-04-25
150,Indu 150,4,74656,2025-04-10
151,Arun 151,4,94253,2023-12-03
152,Yamini 152,1,29038,2026-01-14
153,Zara 153,4,59130,2021-04-26
154,Farah 154,5,44452,2025-01-30
155,Gokul 155,5,65781,2025-07-27
156,Indu 156,8,47017,2025-02-11
157,Lakshmi 157,8,80045,2020-05-13
158,Gokul 158,10,75234,2021-04-18
159,John 159,2,28165,2020-04-28
160,Yamini 160,1,96471,2022-04-29
161,Eswar 161,2,90584,2023-03-11
162,Yamini 162,5,82300,2024-08-22
163,Lakshmi 163,9,67426,2019-01-04
164,Divya 164,8,119105,2024-01-16
165,Lakshmi 165,5,95686,2023-06-24
166,Kavi 166,10,89526,2020-04-08
167,Manoj 167,7,51727,2025-03-31
168,Arun 168,5,108300,2025-09-16
169,Sneha 169,4,85500,2025-09-27
170,Sneha 170,7,118340,2022-06-04
171,Farah 171,8,106269,2024-12-14
172,Gokul 172,6,93968,2019-01-15
173,Manoj 173,10,80819,2023-07-18
174,Kavi 174,10,101602,2019-10-05
175,Rahul 175,4,108932,2026-04-11
176,John 176,1,78346,2026-01-21
177,Eswar 177,7,60423,2020-12-30
178,Charan 178,10,26327,2022-12-02
179,Indu 179,7,114788,2025-02-07
180,John 180,3,85564,2021-11-28
181,Rahul 181,3,86224,2024-09-21
182,Bala 182,5,91883,2020-02-08
183,Yamini 183,7,34142,2022-12-25
184,Charan 184,8,27587,2020-11-03
185,Sneha 185,3,115498,2020-01-17
186,Manoj 186,5,104297,2022-05-31
187,Gokul 187,9,52224,2021-08-29
188,Kavi 188,5,33985,2019-11-03
189,Sneha 189,6,86333,2024-09-26
190,Vijay 190,1,47092,2022-05-01
191,Vijay 191,5,71642,2025-11-02
192,Hari 192,7,98537,2023-06-26
193,Farah 193,8,59016,2025-11-05
194,Kavi 194,4,58917,2025-11-03
195,Hari 195,1,106586,2023-07-08
196,Kavi 196,7,57561,2022-01-07
197,Gokul 197,2,107036,2020-11-09
198,Yamini 198,8,101209,2020-08-29
199,Zara 199,5,85213,2024-11-26
200,Farah 200,3,43100,2023-12-11
201,Lakshmi 201,5,77527,2021-09-12
202,Divya 202,4,119172,2022-06-05
203,Charan 203,2,54834,2023-06-15
204,Kavi 204,8,38103,2021-02-03
205,Bala 205,1,103317,2019-04-06
206,Gokul 206,1,89809,2024-12-04
207,Zara 207,8,69884,2022-01-29
208,Divya 208,10,115785,2020-12-08
209,Divya 209,4,77390,2021-08-13
210,Rahul 210,8,74531,2020-11-21
211,Hari 211,4,62177,2024-03-09
212,Vijay 212,10,76064,2021-05-17
213,Praveen 213,5,68269,2024-07-25
214,Yamini 214,2,53029,2019-11-19
215,Bala 215,1,25685,2024-05-21
216,Kavi 216,7,101055,2022-03-22
217,Gokul 217,7,45980,2026-03-31
218,Eswar 218,1,26989,2023-05-06
219,Eswar 219,9,32486,2025-05-02
220,Manoj 220,5,42036,2019-11-22
221,Praveen 221,5,26892,2019-05-26
222,Vijay 222,1,93800,2020-06-12
223,Bala 223,5,40392,2023-11-07
224,Charan 224,4,28620,2024-08-08
225,Eswar 225,5,115016,2021-02-25
226,Praveen 226,7,68228,2026-01-28
227,Indu 227,5,109096,2026-02-16
228,Hari 228,4,32888,2025-08-05
229,Yamini 229,3,70824,2023-10-22
230,Zara 230,9,108673,2024-11-08
231,Bala 231,6,96686,2023-08-18
232,Vijay 232,4,118277,2025-01-06
233,Nisha 233,2,118525,2021-12-30
234,Zara 234,2,57975,2020-12-28
235,Divya 235,3,32695,2021-04-12
236,Nisha 236,1,31922,2026-02-22
237,Charan 237,9,86494,2024-08-14
238,Lakshmi 238,2,65984,2019-06-14
239,Eswar 239,9,29349,2023-12-21
240,Eswar 240,7,117752,2024-01-02
241,Arun 241,9,60388,2020-01-06
242,Indu 242,6,36244,2022-05-21
243,Bala 243,7,32623,2021-12-05
244,Kavi 244,3,59118,2023-04-07
245,Divya 245,5,37328,2023-10-07
246,Hari 246,9,98030,2021-04-21
247,Kavi 247,6,91757,2023-05-21
248,Yamini 248,8,38721,2020-06-15
249,Praveen 249,9,98222,2025-07-09
250,Sneha 250,9,28967,2022-04-08
251,Farah 251,4,73542,2023-05-14
252,Sneha 252,6,37763,2023-08-05
253,Lakshmi 253,3,100354,2019-09-23
254,Bala 254,5,110343,2024-12-25
255,Kavi 255,7,64101,2022-07-29
256,Lakshmi 256,5,67636,2024-10-31
257,Sneha 257,1,93960,2020-05-14
258,Eswar 258,6,67673,2022-09-03
259,Yamini 259,2,84220,2022-02-19
260,Rahul 260,8,72731,2023-04-08
261,Charan 261,10,32353,2020-07-05
262,Bala 262,9,89510,2025-06-15
263,Indu 263,4,117132,2025-06-08
264,Kavi 264,6,109344,2023-02-25
265,Manoj 265,5,85892,2025-09-16
266,Kavi 266,9,91524,2020-11-18
267,Arun 267,3,57784,2021-06-24
268,Yamini 268,3,39779,2021-01-26
269,Nisha 269,10,31567,2020-02-11
270,Vijay 270,5,118671,2020-03-14
271,Gokul 271,5,33752,2026-02-02
272,Yamini 272,9,109021,2019-11-18
273,Charan 273,4,109310,2020-12-11
274,Sneha 274,7,27863,2025-08-15
275,Lakshmi 275,8,118097,2022-03-08
276,Hari 276,4,103391,2024-07-14
277,Hari 277,7,84269,2023-02-12
278,Vijay 278,4,88197,2019-10-25
279,Indu 279,7,51393,2019-02-03
280,Vijay 280,7,92408,2024-06-18
281,Charan 281,7,105719,2024-09-20
282,Yamini 282,10,80783,2019-06-14
283,Lakshmi 283,8,25839,2021-02-16
284,John 284,1,95880,2020-05-06
285,John 285,9,66360,2025-02-02
286,Yamini 286,9,62028,2024-11-22
287,Nisha 287,9,92877,2023-07-31
288,Zara 288,10,65338,2024-01-28
289,John 289,3,91364,2023-12-25
290,Yamini 290,3,97088,2020-10-29
291,Indu 291,1,80597,2025-05-06
292,Bala 292,6,80164,2023-07-06
293,John 293,1,36858,2020-01-04
294,Arun 294,7,60242,2024-03-17
295,Indu 295,6,108340,2024-05-25
296,Kavi 296,7,84788,2020-04-22
297,Rahul 297,6,43965,2023-08-28
298,Eswar 298,1,47554,2021-12-01
299,Lakshmi 299,3,102277,2022-03-22
300,Nisha 300,5,92343,2022-03-22
301,Nisha 301,5,81820,2022-10-07
302,Rahul 302,4,118777,2024-07-05
303,Manoj 303,7,36976,2019-09-21
304,Eswar 304,4,44608,2021-07-27
305,Arun 305,2,58190,2020-09-29
306,Rahul 306,2,77314,2026-04-15
307,Farah 307,1,36686,2023-10-18
308,Zara 308,1,97036,2021-06-13
309,Vijay 309,7,70442,2019-07-12
310,Divya 310,9,114006,2023-09-15
311,Divya 311,5,114725,2022-02-15
312,Farah 312,8,117296,2019-07-15
313,Gokul 313,2,76080,2020-05-22
314,Praveen 314,5,114385,2024-09-11
315,Rahul 315,7,40224,2025-10-18
316,Rahul 316,2,44547,2023-05-02
317,Zara 317,4,46905,2024-11-02
318,Indu 318,7,95348,2022-03-28
319,Rahul 319,9,53131,2025-12-29
320,Kavi 320,8,38481,2019-02-05
321,Lakshmi 321,5,32397,2025-01-23
322,Praveen 322,5,38206,2021-07-25
323,Sneha 323,5,60433,2021-10-06
324,Nisha 324,3,42065,2021-11-15
325,Gokul 325,7,98511,2026-01-24
326,Zara 326,1,94832,2025-10-30
327,Sneha 327,3,79237,2022-01-11
328,Indu 328,8,116150,2022-06-06
329,Indu 329,8,53101,2024-08-04
330,Lakshmi 330,10,86675,2021-09-16
331,Kavi 331,3,104394,2021-01-12
332,Yamini 332,8,95092,2020-09-04
333,Bala 333,9,67730,2024-12-04
334,Eswar 334,4,66335,2025-12-24
335,Rahul 335,8,68259,2020-04-29
336,Eswar 336,3,116533,2021-11-16
337,Hari 337,2,108265,2025-01-16
338,Bala 338,10,47555,2020-04-20
339,Hari 339,10,51136,2024-08-22
340,Yamini 340,5,80347,2022-09-04
341,Arun 341,1,65016,2025-11-25
342,Hari 342,2,54427,2022-02-21
343,Kavi 343,5,103792,2024-10-24
344,Manoj 344,1,40945,2022-09-13
345,Lakshmi 345,3,39863,2021-10-24
346,Eswar 346,10,30376,2022-11-22
347,Charan 347,2,38527,2022-05-13
348,Kavi 348,4,60302,2024-12-09
349,Bala 349,6,29085,2019-11-17
350,Eswar 350,7,73766,2026-02-27
351,Hari 351,2,114082,2022-09-08
352,Indu 352,1,92533,2022-08-11
353,Divya 353,6,109042,2020-05-30
354,Zara 354,5,78105,2020-01-09
355,Yamini 355,10,94171,2024-05-01
356,Yamini 356,7,95223,2023-06-01
357,John 357,4,107933,2022-05-24
358,Vijay 358,3,32069,2025-09-23
359,Sneha 359,2,47956,2021-09-12
360,Gokul 360,7,60978,2025-02-14
361,Arun 361,5,95625,2022-01-14
362,Sneha 362,5,87027,2020-05-31
363,Manoj 363,2,73952,2019-10-10
364,Vijay 364,6,96401,2025-03-25
365,Sneha 365,10,28986,2025-12-10
366,John 366,8,114445,2020-06-25
367,Eswar 367,2,100927,2020-08-04
368,Gokul 368,8,68970,2023-02-04
369,John 369,3,45395,2023-04-13
370,Praveen 370,7,40448,2025-09-27
371,Eswar 371,5,63704,2026-03-01
372,Zara 372,1,95422,2019-02-09
373,Eswar 373,7,98651,2020-02-19
374,Praveen 374,1,81617,2025-09-17
375,Nisha 375,5,73515,2023-07-31
376,Manoj 376,10,85553,2019-08-07
377,Divya 377,8,29903,2026-03-31
378,Arun 378,1,39565,2025-08-02
379,Eswar 379,9,91594,2022-12-30
380,Vijay 380,5,99478,2026-05-06
381,Lakshmi 381,8,116419,2021-10-01
382,Zara 382,4,38833,2025-04-22
383,Lakshmi 383,3,40257,2019-06-16
384,Kavi 384,7,70384,2021-11-04
385,Bala 385,10,81999,2023-08-27
386,Manoj 386,6,63526,2022-10-29
387,Praveen 387,4,108221,2025-11-02
388,Sneha 388,3,32344,2022-10-30
389,Divya 389,9,47570,2025-02-02
390,Rahul 390,6,118117,2020-05-12
391,Yamini 391,1,87948,2021-05-06
392,Manoj 392,3,77067,2021-07-22
393,Divya 393,4,68989,2022-09-09
394,Hari 394,8,86756,2023-02-22
395,Rahul 395,4,81621,2023-12-10
396,Manoj 396,9,40782,2025-05-29
397,Rahul 397,5,41412,2020-09-05
398,Arun 398,7,79344,2020-03-22
399,Arun 399,2,48981,2024-02-23
400,Manoj 400,9,62814,2020-09-28
401,Eswar 401,9,38858,2021-11-08
402,Arun 402,8,76976,2026-02-09
403,Hari 403,9,116161,2023-05-20
404,Arun 404,9,57699,2023-09-29
405,Farah 405,3,69888,2021-09-06
406,Charan 406,9,98119,2020-10-21
407,Farah 407,7,101723,2019-03-30
408,Sneha 408,4,81023,2021-08-23
409,Bala 409,9,119978,2021-02-18
410,Sneha 410,10,110662,2025-01-07
411,Charan 411,4,77188,2024-03-19
412,Divya 412,10,109395,2019-07-18
413,Manoj 413,2,98395,2020-01-23
414,Rahul 414,1,92957,2021-09-06
415,Arun 415,1,65895,2024-03-25
416,Indu 416,7,46849,2025-09-02
417,Eswar 417,9,117736,2022-07-27
418,Vijay 418,8,90744,2023-09-07
419,Vijay 419,3,116603,2023-06-08
420,Manoj 420,4,89932,2022-02-14
421,Lakshmi 421,3,59006,2025-05-10
422,Indu 422,3,119497,2025-12-22
423,Charan 423,6,69055,2020-08-07
424,Indu 424,5,58066,2022-12-01
425,Manoj 425,5,99117,2024-03-30
426,Arun 426,3,42073,2021-11-01
427,Hari 427,4,34235,2025-07-01
428,Vijay 428,10,51006,2025-02-02
429,Nisha 429,4,100708,2020-07-24
430,Vijay 430,8,76290,2021-03-13
431,Charan 431,2,45064,2019-08-24
432,Arun 432,7,75151,2023-09-06
433,Eswar 433,10,103237,2020-06-13
434,Vijay 434,9,34721,2021-09-15
435,Manoj 435,3,62443,2021-04-09
436,Manoj 436,6,48370,2021-07-11
437,John 437,3,70576,2024-07-08
438,Vijay 438,5,36610,2024-10-07
439,John 439,4,117455,2024-03-13
440,Arun 440,5,106536,2025-08-24
441,Divya 441,10,73841,2023-12-22
442,Indu 442,10,32634,2019-08-02
443,Kavi 443,3,42349,2026-01-21
444,Divya 444,2,82054,2026-02-07
445,Yamini 445,4,52246,2024-08-27
446,Sneha 446,7,40933,2021-05-19
447,Manoj 447,9,42557,2025-06-26
448,Indu 448,1,119071,2020-05-10
449,Gokul 449,10,74551,2024-05-28
450,Vijay 450,10,55234,2022-01-01
451,Bala 451,3,113024,2025-03-20
452,Sneha 452,4,78797,2022-01-26
453,Nisha 453,7,60648,2024-07-16
454,Divya 454,3,49464,2025-04-10
455,Arun 455,8,30878,2024-06-23
456,Gokul 456,7,95603,2022-10-09
457,Hari 457,2,35107,2019-06-24
458,Nisha 458,8,49745,2020-12-10
459,Zara 459,9,49903,2024-09-18
460,Manoj 460,9,72257,2021-03-18
461,Hari 461,6,111328,2025-07-28
462,Charan 462,6,31789,2024-02-21
463,Bala 463,10,48170,2020-08-27
464,John 464,8,30643,2025-07-17
465,Sneha 465,2,99112,2023-06-12
466,Charan 466,7,92072,2025-06-02
467,John 467,7,60116,2022-12-13
468,Rahul 468,1,97376,2024-05-08
469,Arun 469,7,64925,2025-08-08
470,Kavi 470,3,103135,2025-08-10
471,Vijay 471,5,33633,2025-10-22
472,Lakshmi 472,7,76251,2024-10-30
473,Arun 473,10,101248,2020-04-09
474,Bala 474,10,94409,2019-02-28
475,Divya 475,6,69131,2023-02-17
476,Vijay 476,1,108553,2023-02-25
477,Yamini 477,2,88560,2026-02-11
478,Charan 478,9,83485,2022-10-02
479,Sneha 479,9,25446,2020-10-20
480,Kavi 480,6,53041,2020-08-21
481,Yamini 481,3,102278,2020-03-17
482,Manoj 482,6,91668,2023-09-20
483,Lakshmi 483,6,59049,2025-10-29
484,Lakshmi 484,1,118184,2019-09-17
485,Hari 485,5,77041,2025-03-04
486,John 486,10,106084,2019-12-08
487,Charan 487,3,60034,2023-08-22
488,Charan 488,3,62018,2025-03-06
489,Indu 489,4,52601,2020-02-09
490,Indu 490,8,31175,2024-09-28
491,John 491,4,96259,2019-11-04
492,Vijay 492,6,69520,2022-04-27
493,Sneha 493,3,29620,2023-12-17
494,Lakshmi 494,1,28763,2022-07-16
495,Nisha 495,3,98007,2019-06-16
496,Yamini 496,9,80650,2021-01-25
497,Gokul 497,4,40042,2025-08-03
498,Eswar 498,10,91353,2020-05-16
499,Indu 499,8,50729,2019-08-15
500,Lakshmi 500,8,68899,2025-11-21
501,Lakshmi 501,4,108283,2019-02-08
502,Arun 502,8,29228,2020-11-04
503,Indu 503,9,30225,2019-02-07
504,Hari 504,2,93721,2020-12-10
505,Bala 505,9,51247,2021-05-07
506,Praveen 506,5,56853,2024-07-02
507,Sneha 507,6,67585,2023-05-25
508,Charan 508,4,102898,2021-01-13
509,Gokul 509,10,63923,2025-07-08
510,Nisha 510,10,87130,2023-01-28
511,Arun 511,8,27707,2020-03-05
512,Yamini 512,10,81684,2025-07-12
513,Kavi 513,6,34707,2026-04-03
514,Nisha 514,4,116963,2024-10-07
515,Rahul 515,10,98874,2025-03-04
516,Sneha 516,8,103638,2025-06-16
517,Praveen 517,10,86757,2020-11-08
518,Indu 518,9,64521,2025-04-26
519,Manoj 519,10,95740,2021-11-27
520,Indu 520,5,26922,2025-10-12
521,Bala 521,8,84970,2022-12-27
522,Hari 522,9,83216,2021-05-06
523,Rahul 523,6,116261,2026-01-07
524,Eswar 524,7,82325,2019-08-11
525,Divya 525,6,26073,2021-11-13
526,Vijay 526,1,65165,2023-04-01
527,Arun 527,6,69323,2022-06-18
528,Yamini 528,1,52336,2019-12-01
529,Kavi 529,2,113012,2026-03-28
530,Charan 530,3,115539,2022-04-20
531,Nisha 531,10,69666,2021-08-10
532,Arun 532,3,91083,2025-06-09
533,Lakshmi 533,5,63502,2023-03-29
534,Nisha 534,9,85482,2019-10-31
535,Gokul 535,7,55357,2025-10-25
536,Bala 536,10,56556,2026-01-23
537,Hari 537,4,118474,2023-06-05
538,Manoj 538,4,106510,2020-09-14
539,John 539,6,25191,2022-06-12
540,Praveen 540,8,47397,2020-08-22
541,Arun 541,6,82277,2025-03-18
542,Kavi 542,9,89185,2022-07-24
543,Zara 543,2,101495,2026-03-30
544,John 544,9,111857,2022-02-04
545,Nisha 545,1,65727,2019-12-21
546,Rahul 546,2,90686,2021-06-22
547,Zara 547,5,82248,2023-03-07
548,Hari 548,1,38433,2025-09-10
549,Sneha 549,9,92020,2020-10-29
550,Eswar 550,5,31334,2019-10-07
551,Gokul 551,1,113137,2019-09-11
552,Nisha 552,1,33672,2019-08-14
553,Arun 553,1,95509,2022-10-21
554,Kavi 554,1,105152,2019-02-06
555,Vijay 555,4,86467,2021-03-30
556,Indu 556,5,101245,2025-03-05
557,Sneha 557,5,55607,2021-01-18
558,Gokul 558,7,32834,2021-09-04
559,Vijay 559,8,29632,2022-09-19
560,Kavi 560,7,40695,2019-03-07
561,Yamini 561,3,91271,2026-03-07
562,Charan 562,3,53622,2021-07-10
563,Farah 563,5,37816,2019-08-29
564,Kavi 564,3,33233,2023-12-21
565,Eswar 565,4,30650,2022-03-18
566,Lakshmi 566,1,102272,2020-01-01
567,Praveen 567,4,54859,2021-01-28
568,Divya 568,1,51524,2019-08-10
569,Divya 569,2,53814,2022-03-17
570,Indu 570,9,80423,2021-10-15
571,Bala 571,5,50532,2022-08-27
572,Lakshmi 572,6,84541,2025-11-26
573,Manoj 573,7,36715,2023-10-12
574,Hari 574,8,70050,2021-01-01
575,Zara 575,2,56420,2019-10-24
576,Nisha 576,5,94765,2022-05-29
577,Kavi 577,6,78642,2024-02-13
578,Lakshmi 578,6,66404,2023-06-11
579,Rahul 579,9,27242,2023-02-25
580,Eswar 580,5,47022,2022-05-22
581,Yamini 581,3,96896,2020-09-04
582,Farah 582,8,109527,2026-01-13
583,Eswar 583,3,46117,2019-11-23
584,Zara 584,5,55858,2022-12-28
585,Kavi 585,3,61343,2024-04-21
586,John 586,2,81145,2020-09-22
587,Vijay 587,6,83940,2020-03-16
588,Eswar 588,6,34068,2021-02-04
589,Rahul 589,9,29583,2019-07-11
590,Gokul 590,6,72983,2024-09-10
591,Lakshmi 591,9,107187,2023-03-15
592,Kavi 592,2,49200,2023-03-18
593,Bala 593,5,105464,2021-05-10
594,Bala 594,4,64898,2022-09-01
595,Yamini 595,7,57026,2023-01-13
596,Bala 596,4,63080,2025-05-17
597,Arun 597,4,37732,2020-07-08
598,Hari 598,6,91343,2021-12-27
599,Eswar 599,3,54894,2019-11-05
600,John 600,10,91937,2024-09-16
601,Vijay 601,10,96031,2023-11-05
602,Praveen 602,10,92076,2024-04-29
603,Farah 603,9,71613,2021-03-11
604,Nisha 604,2,61296,2021-04-20
605,Hari 605,3,42509,2021-05-02
606,Arun 606,3,88663,2023-01-26
607,Farah 607,1,72229,2019-12-04
608,Zara 608,4,113863,2021-05-15
609,Charan 609,8,109387,2026-05-10
610,Gokul 610,10,69882,2020-11-06
611,Yamini 611,1,53517,2022-07-18
612,Rahul 612,9,29745,2019-08-03
613,Lakshmi 613,8,98290,2022-12-02
614,Eswar 614,8,33952,2024-09-24
615,Kavi 615,10,112784,2022-06-30
616,Zara 616,6,100089,2020-01-02
617,Rahul 617,6,79466,2019-10-20
618,Indu 618,2,111298,2026-03-30
619,Kavi 619,1,48622,2022-09-03
620,Hari 620,6,59406,2021-10-30
621,John 621,8,79520,2019-02-19
622,John 622,3,108060,2022-04-06
623,Bala 623,2,81549,2023-10-30
624,Zara 624,4,61479,2022-12-31
625,Yamini 625,8,100501,2022-02-26
626,Zara 626,5,113524,2020-12-07
627,Kavi 627,3,71100,2020-01-23
628,Manoj 628,6,93463,2025-05-11
629,Gokul 629,7,83883,2020-09-06
630,Rahul 630,4,29948,2026-03-05
631,Hari 631,2,34243,2019-06-07
632,Sneha 632,9,86823,2025-05-23
633,Rahul 633,6,93210,2020-11-29
634,Yamini 634,8,77123,2019-02-24
635,Manoj 635,9,119956,2025-04-21
636,Praveen 636,3,102775,2025-08-08
637,Lakshmi 637,1,73274,2022-12-16
638,Praveen 638,4,115136,2026-03-26
639,Vijay 639,5,36566,2023-12-15
640,Lakshmi 640,4,46151,2020-07-05
641,Praveen 641,1,72719,2025-05-12
642,Kavi 642,3,99549,2024-07-01
643,Rahul 643,1,100491,2021-08-16
644,Zara 644,1,83210,2026-05-04
645,Farah 645,9,52311,2023-06-28
646,Praveen 646,2,66263,2021-12-09
647,Eswar 647,3,68246,2020-06-23
648,Farah 648,10,94502,2022-06-16
649,Hari 649,9,117615,2023-10-17
650,Praveen 650,8,91905,2025-03-11
651,John 651,3,93147,2025-11-26
652,Sneha 652,5,102599,2021-04-26
653,John 653,3,114420,2019-01-27
654,Kavi 654,2,80763,2023-04-06
655,Sneha 655,3,106019,2023-12-06
656,Praveen 656,9,82980,2023-01-29
657,Gokul 657,1,36163,2020-03-15
658,Divya 658,9,75798,2020-07-16
659,Praveen 659,7,48853,2024-04-29
660,Praveen 660,9,102800,2019-05-30
661,Yamini 661,4,102388,2024-01-18
662,Rahul 662,7,63106,2022-11-29
663,Farah 663,10,60819,2021-01-08
664,Arun 664,9,32937,2019-09-23
665,Vijay 665,4,83413,2022-07-30
666,Praveen 666,6,38322,2023-05-10
667,Bala 667,8,61464,2023-08-04
668,Praveen 668,6,91515,2020-01-29
669,Farah 669,7,95914,2023-10-16
670,Zara 670,8,91260,2020-09-02
671,Kavi 671,3,70868,2020-07-16
672,Zara 672,4,54487,2021-06-04
673,Praveen 673,3,38553,2020-02-26
674,Nisha 674,1,84454,2020-09-13
675,Lakshmi 675,9,67158,2022-02-21
676,Manoj 676,1,75794,2024-06-18
677,Praveen 677,5,118372,2022-05-26
678,Yamini 678,7,66044,2022-04-01
679,Farah 679,2,89140,2021-01-06
680,Praveen 680,3,85127,2020-03-08
681,Vijay 681,2,95272,2022-07-28
682,Kavi 682,8,113716,2025-04-08
683,Kavi 683,10,66917,2025-04-22
684,Yamini 684,8,67373,2024-06-07
685,Manoj 685,9,53591,2020-11-11
686,Hari 686,9,51235,2025-09-01
687,Hari 687,1,67066,2025-12-13
688,Bala 688,6,80017,2019-05-02
689,Lakshmi 689,6,72391,2025-09-24
690,Zara 690,7,52408,2022-03-28
691,Hari 691,6,77093,2023-04-25
692,Farah 692,1,75947,2026-04-21
693,Lakshmi 693,10,105689,2021-06-29
694,Hari 694,2,105131,2022-08-04
695,Manoj 695,4,118159,2022-04-17
696,Divya 696,7,25518,2022-12-08
697,Charan 697,7,45085,2020-04-01
698,Vijay 698,3,69609,2020-08-13
699,Manoj 699,7,67670,2025-01-29
700,Sneha 700,5,52336,2021-03-05
701,Farah 701,3,95496,2020-10-19
702,Eswar 702,2,82936,2025-07-23
703,Sneha 703,3,81529,2020-07-02
704,Kavi 704,10,117047,2022-07-23
705,Zara 705,3,27717,2023-01-08
706,Farah 706,4,55804,2024-07-28
707,Yamini 707,8,29491,2026-04-22
708,Charan 708,3,94847,2024-04-04
709,Yamini 709,3,52399,2023-01-16
710,Eswar 710,5,70684,2019-09-23
711,Manoj 711,8,28909,2024-12-06
712,Praveen 712,4,119252,2021-09-13
713,Gokul 713,1,119695,2022-05-30
714,Bala 714,5,93023,2021-02-14
715,Charan 715,2,39437,2023-06-28
716,Kavi 716,2,83377,2025-06-20
717,Sneha 717,8,112432,2022-02-23
718,Eswar 718,7,73688,2026-04-08
719,Lakshmi 719,7,78921,2023-11-22
720,Lakshmi 720,9,51993,2021-03-12
721,Charan 721,3,56195,2021-09-09
722,Arun 722,4,112747,2023-06-01
723,Praveen 723,10,82774,2025-05-14
724,Divya 724,1,47585,2024-11-29
725,Arun 725,1,81385,2022-02-14
726,Nisha 726,3,55892,2023-03-14
727,Nisha 727,6,101672,2019-07-13
728,Sneha 728,8,41937,2024-11-12
729,Lakshmi 729,10,32872,2022-12-01
730,Divya 730,4,108319,2026-03-04
731,Divya 731,7,44495,2019-03-20
732,Lakshmi 732,3,44721,2022-03-26
733,Arun 733,8,108608,2019-04-20
734,Rahul 734,2,102283,2023-11-01
735,Charan 735,8,96316,2025-10-04
736,Sneha 736,2,41870,2025-01-15
737,Manoj 737,10,96421,2023-08-07
738,Hari 738,9,74789,2024-05-10
739,Kavi 739,8,40307,2019-10-03
740,Gokul 740,10,105077,2023-02-21
741,Divya 741,2,71519,2020-03-08
742,Gokul 742,2,115393,2026-05-03
743,Yamini 743,2,25470,2024-09-29
744,Nisha 744,4,36987,2022-06-12
745,Rahul 745,10,33103,2025-06-06
746,Nisha 746,9,64089,2023-05-25
747,Bala 747,10,28798,2022-02-07
748,Zara 748,8,82394,2021-06-15
749,Indu 749,6,87614,2023-12-14
750,Vijay 750,1,60242,2024-10-05
751,Farah 751,8,84709,2022-04-26
752,Yamini 752,10,48932,2022-08-07
753,Sneha 753,7,112365,2023-08-22
754,Vijay 754,10,77223,2024-05-09
755,Hari 755,5,27242,2019-09-16
756,Eswar 756,8,40177,2023-01-12
757,Indu 757,5,95937,2022-05-26
758,Eswar 758,2,90777,2020-07-19
759,Praveen 759,1,83425,2024-04-07
760,Yamini 760,6,96039,2023-03-01
761,Eswar 761,1,95481,2021-04-05
762,Indu 762,10,33490,2024-03-07
763,John 763,1,109750,2021-12-25
764,Sneha 764,1,99146,2023-07-03
765,Divya 765,2,114815,2022-08-12
766,Zara 766,10,108553,2025-06-04
767,Praveen 767,2,105085,2024-08-03
768,Sneha 768,6,102204,2019-06-28
769,Gokul 769,3,32280,2025-12-02
770,Divya 770,1,40373,2025-03-23
771,Sneha 771,5,51282,2020-10-25
772,Vijay 772,3,54875,2021-06-09
773,Charan 773,9,71253,2025-04-23
774,Nisha 774,5,105547,2020-07-05
775,John 775,10,57521,2019-10-12
776,Zara 776,5,32452,2019-03-31
777,Nisha 777,10,62006,2024-04-28
778,Nisha 778,7,33899,2021-01-28
779,Gokul 779,1,108458,2023-10-25
780,Nisha 780,6,71527,2024-09-26
781,Eswar 781,3,54621,2021-07-28
782,Bala 782,6,33782,2024-01-03
783,Kavi 783,4,53712,2021-11-21
784,Eswar 784,9,74995,2020-03-15
785,Rahul 785,10,25240,2024-04-17
786,John 786,5,116926,2022-04-07
787,Gokul 787,3,115380,2026-02-20
788,Manoj 788,1,75141,2024-02-16
789,Vijay 789,1,42272,2021-08-06
790,Rahul 790,2,63802,2026-01-03
791,Nisha 791,4,92635,2022-09-29
792,Divya 792,4,56783,2024-07-06
793,Yamini 793,2,48302,2024-07-26
794,Lakshmi 794,10,108166,2026-01-02
795,Nisha 795,7,97567,2023-09-24
796,Arun 796,7,43544,2023-10-10
797,Eswar 797,1,63335,2023-05-11
798,Zara 798,7,108693,2020-01-26
799,Gokul 799,10,60575,2024-05-15
800,Zara 800,7,59652,2024-09-14
801,Divya 801,6,45057,2025-04-17
802,Vijay 802,5,113108,2019-04-11
803,Vijay 803,2,73595,2024-02-04
804,Indu 804,2,62236,2020-07-23
805,Charan 805,7,117435,2023-04-08
806,Arun 806,8,101377,2020-06-16
807,Vijay 807,7,89482,2021-08-12
808,Sneha 808,1,74281,2019-09-11
809,Nisha 809,10,36015,2021-10-20
810,Bala 810,8,35982,2022-04-17
811,Zara 811,1,70562,2019-06-23
812,Charan 812,2,30943,2025-07-22
813,John 813,6,65354,2020-01-07
814,Vijay 814,8,106361,2023-01-04
815,Kavi 815,3,107267,2022-12-25
816,Sneha 816,4,67903,2025-10-05
817,Hari 817,4,108150,2021-06-10
818,John 818,5,95294,2022-08-15
819,John 819,10,25628,2026-05-13
820,Rahul 820,5,111173,2021-07-31
821,Eswar 821,4,46133,2019-12-13
822,Indu 822,7,51552,2020-07-18
823,Farah 823,9,106438,2019-10-31
824,Kavi 824,7,117450,2021-05-14
825,Farah 825,1,83421,2021-06-03
826,Manoj 826,2,116839,2022-06-27
827,Hari 827,5,92045,2026-04-23
828,Praveen 828,6,35934,2019-10-08
829,Charan 829,4,40704,2024-11-14
830,Praveen 830,9,85080,2019-02-10
831,Zara 831,3,85052,2023-11-08
832,Vijay 832,2,50193,2019-03-05
833,Hari 833,5,53072,2024-10-26
834,Zara 834,5,65372,2021-12-17
835,Lakshmi 835,5,62681,2019-07-14
836,Arun 836,1,107165,2023-12-13
837,Bala 837,4,35081,2022-07-16
838,Praveen 838,5,39984,2021-10-07
839,Divya 839,4,28948,2021-03-08
840,Eswar 840,10,103144,2019-04-16
841,Praveen 841,1,98332,2021-07-20
842,Rahul 842,3,94747,2019-02-06
843,Hari 843,3,33219,2019-03-07
844,Eswar 844,6,100585,2019-12-13
845,Sneha 845,9,59205,2021-03-09
846,Manoj 846,1,96275,2022-02-19
847,Lakshmi 847,5,96144,2023-04-28
848,Manoj 848,9,94283,2024-12-24
849,Praveen 849,5,36600,2021-01-07
850,Rahul 850,10,76638,2020-06-29
851,Zara 851,4,93930,2019-04-16
852,Sneha 852,1,66570,2020-08-15
853,Hari 853,6,77022,2019-06-17
854,Nisha 854,10,87228,2024-08-20
855,Charan 855,1,42184,2025-03-24
856,Nisha 856,9,76067,2025-02-07
857,Indu 857,10,30817,2021-06-10
858,Gokul 858,5,117584,2023-04-07
859,John 859,9,27998,2025-05-21
860,Indu 860,4,95232,2024-11-03
861,Vijay 861,3,55132,2019-12-27
862,Gokul 862,8,46587,2019-08-04
863,Manoj 863,5,26947,2020-09-10
864,Divya 864,1,117814,2025-08-01
865,Nisha 865,8,47966,2021-06-12
866,Yamini 866,8,111583,2020-03-17
867,Manoj 867,4,33316,2020-06-04
868,Kavi 868,9,87238,2024-07-14
869,Sneha 869,6,81713,2025-07-13
870,Hari 870,8,59058,2023-07-14
871,Lakshmi 871,7,99229,2021-07-26
872,Manoj 872,10,38927,2021-01-10
873,Zara 873,6,34921,2019-04-16
874,Nisha 874,10,89766,2019-09-07
875,Praveen 875,2,107010,2026-04-08
876,Hari 876,8,71025,2024-09-27
877,Charan 877,6,113704,2019-06-01
878,Indu 878,10,93679,2025-11-24
879,Kavi 879,3,99951,2020-11-15
880,Nisha 880,5,118844,2023-12-19
881,Hari 881,8,75296,2019-04-24
882,Sneha 882,5,40783,2022-03-20
883,Indu 883,1,99121,2019-12-12
884,Kavi 884,9,111862,2021-01-11
885,Hari 885,5,35617,2020-11-29
886,Praveen 886,6,77281,2026-02-21
887,Praveen 887,8,112109,2020-02-25
888,Yamini 888,8,98731,2019-12-08
889,Bala 889,1,27456,2022-02-15
890,Bala 890,5,65754,2020-12-23
891,Vijay 891,8,105987,2022-10-13
892,Arun 892,8,69808,2021-08-30
893,Hari 893,6,118410,2019-08-26
894,Arun 894,8,92117,2021-03-22
895,Manoj 895,3,48502,2021-08-08
896,Charan 896,7,30348,2020-12-14
897,Kavi 897,1,84530,2025-01-14
898,Zara 898,9,46306,2019-06-06
899,Nisha 899,4,58719,2024-10-27
900,Praveen 900,4,30319,2025-10-15
901,Manoj 901,7,77224,2024-09-25
902,Nisha 902,5,83022,2022-10-12
903,Yamini 903,1,35262,2024-04-19
904,Nisha 904,3,81435,2020-10-18
905,Vijay 905,9,91559,2024-08-25
906,Zara 906,3,60022,2023-08-19
907,Rahul 907,5,70523,2024-02-14
908,Manoj 908,9,74356,2022-03-18
909,Hari 909,6,96064,2025-02-09
910,Sneha 910,4,59698,2019-03-24
911,Charan 911,5,117930,2023-05-16
912,Farah 912,5,102057,2021-10-30
913,Rahul 913,1,45886,2024-06-03
914,Divya 914,4,44931,2020-04-07
915,Manoj 915,1,47620,2019-10-07
916,Divya 916,8,96985,2026-05-05
917,Praveen 917,1,32588,2022-01-16
918,Bala 918,9,86911,2026-03-13
919,Gokul 919,6,103052,2023-11-29
920,Divya 920,6,66742,2023-04-15
921,Manoj 921,5,35828,2021-07-27
922,Praveen 922,9,70808,2023-10-17
923,Nisha 923,7,101951,2021-12-27
924,Farah 924,3,31926,2022-09-15
925,Lakshmi 925,7,33818,2026-01-29
926,Yamini 926,6,100483,2020-12-26
927,Eswar 927,2,94662,2021-04-16
928,Rahul 928,4,71985,2025-11-30
929,Sneha 929,3,51648,2022-05-09
930,Farah 930,3,109769,2023-06-27
931,Nisha 931,8,70986,2019-05-20
932,Vijay 932,2,28193,2023-02-16
933,Hari 933,3,52980,2023-06-11
934,Praveen 934,9,102233,2022-01-22
935,Nisha 935,10,69296,2024-05-28
936,Kavi 936,2,102620,2025-11-07
937,Bala 937,3,97896,2024-04-08
938,Farah 938,2,26069,2019-09-24
939,Arun 939,3,61513,2021-03-06
940,Praveen 940,7,118535,2025-01-28
941,Sneha 941,5,116513,2021-12-17
942,Vijay 942,7,38813,2023-06-08
943,Praveen 943,4,34329,2022-07-04
944,Eswar 944,10,28479,2026-01-22
945,Manoj 945,1,63064,2022-11-14
946,Arun 946,10,82555,2022-07-23
947,Yamini 947,1,94812,2022-07-17
948,Manoj 948,1,101516,2024-01-04
949,Divya 949,7,78239,2020-05-19
950,Yamini 950,1,26508,2025-03-31
951,Zara 951,7,70644,2020-12-20
952,Manoj 952,1,43765,2022-03-15
953,Sneha 953,10,78862,2026-03-28
954,Farah 954,10,86494,2022-04-17
955,Yamini 955,10,58595,2019-05-24
956,Manoj 956,9,102778,2023-08-15
957,Eswar 957,6,47333,2024-01-31
958,Manoj 958,10,97898,2020-05-29
959,Sneha 959,2,104321,2025-08-06
960,Zara 960,7,59143,2023-05-24
961,Rahul 961,1,107085,2022-04-05
962,Farah 962,5,75884,2022-01-27
963,Divya 963,5,26156,2020-05-04
964,Divya 964,8,44837,2024-03-23
965,Hari 965,4,30442,2021-07-09
966,Charan 966,2,37650,2019-06-03
967,Yamini 967,2,30743,2021-10-30
968,Nisha 968,3,70456,2020-04-12
969,Bala 969,7,105497,2025-12-31
970,Hari 970,3,95294,2025-06-09
971,Rahul 971,3,71173,2025-10-13
972,Manoj 972,9,99068,2020-12-02
973,Kavi 973,9,34235,2026-01-20
974,Bala 974,1,100430,2022-05-05
975,Divya 975,8,36419,2019-01-03
976,Bala 976,5,96924,2022-06-03
977,Yamini 977,10,58349,2024-02-22
978,Manoj 978,2,109539,2021-07-04
979,John 979,3,91808,2024-08-16
980,Arun 980,6,117982,2024-01-03
981,Divya 981,7,113103,2020-09-28
982,Indu 982,2,73919,2021-10-30
983,Gokul 983,6,106327,2020-07-31
984,Vijay 984,4,105529,2019-01-31
985,Hari 985,8,72032,2026-03-11
986,Eswar 986,7,112691,2022-11-05
987,Nisha 987,10,82670,2020-04-03
988,Indu 988,1,94122,2022-04-24
989,Sneha 989,6,51092,2021-05-02
990,Hari 990,4,74302,2022-11-22
991,Indu 991,1,89510,2024-09-06
992,Eswar 992,7,88405,2020-01-06
993,Sneha 993,5,38101,2021-06-17
994,Divya 994,7,78091,2020-08-05
995,Divya 995,8,92897,2021-06-05
996,Farah 996,4,60722,2023-02-06
997,Kavi 997,6,58007,2025-05-10
998,Eswar 998,1,54010,2021-11-19
999,Rahul 999,10,95252,2019-03-07
1000,Kavi 1000,1,47876,2021-04-02
1001,Indu 1001,4,34576,2023-10-12
1002,Lakshmi 1002,6,49845,2020-03-08
1003,Arun 1003,7,69440,2025-06-05
1004,Kavi 1004,7,69965,2025-08-07
1005,Indu 1005,7,105556,2022-02-03
1006,Lakshmi 1006,10,34835,2023-11-27
1007,Hari 1007,10,86867,2022-11-18
1008,John 1008,1,38917,2025-09-01
1009,Sneha 1009,1,47419,2025-12-23
1010,Hari 1010,9,82579,2022-04-18
1011,Nisha 1011,7,106419,2019-01-19
1012,Charan 1012,7,45017,2025-08-01
1013,Gokul 1013,8,112808,2023-06-01
1014,Rahul 1014,2,78757,2026-04-01
1015,Farah 1015,8,53173,2026-05-11
1016,John 1016,9,29742,2022-05-08
1017,John 1017,3,57911,2026-04-08
1018,Sneha 1018,5,87388,2020-06-30
1019,Nisha 1019,6,93339,2022-08-08
1020,Gokul 1020,5,30206,2022-06-26
1021,Sneha 1021,10,63617,2024-07-29
1022,John 1022,5,45929,2022-04-01
1023,Indu 1023,6,44534,2021-11-26
1024,Manoj 1024,8,111158,2024-07-20
1025,Farah 1025,7,30186,2020-01-15
1026,Yamini 1026,4,66546,2019-07-29
1027,Sneha 1027,5,30263,2023-08-29
1028,Divya 1028,10,107070,2022-08-19
1029,Eswar 1029,1,70139,2021-09-15
1030,Zara 1030,6,93042,2023-11-15
1031,Hari 1031,9,35966,2019-05-14
1032,Kavi 1032,1,110549,2023-12-22
1033,Arun 1033,3,61834,2025-12-01
1034,Gokul 1034,7,62918,2026-01-22
1035,Farah 1035,1,30097,2024-07-29
1036,Manoj 1036,9,114676,2020-04-01
1037,Manoj 1037,5,82167,2019-07-24
1038,Hari 1038,6,79956,2025-08-04
1039,Yamini 1039,8,103635,2021-04-12
1040,Yamini 1040,9,113375,2019-12-31
1041,Kavi 1041,7,110761,2021-01-04
1042,Hari 1042,9,88612,2019-10-23
1043,Nisha 1043,7,53595,2021-11-13
1044,Arun 1044,5,29269,2021-12-01
1045,Charan 1045,3,106130,2021-10-31
1046,Praveen 1046,7,65039,2020-02-16
1047,John 1047,1,87550,2020-12-20
1048,Indu 1048,9,52367,2020-05-31
1049,Bala 1049,7,97199,2019-02-10
1050,Yamini 1050,9,63940,2019-01-12
1051,Manoj 1051,6,37688,2021-11-17
1052,Farah 1052,10,116333,2021-03-29
1053,Charan 1053,3,116943,2025-06-23
1054,Manoj 1054,9,99286,2019-04-06
1055,Hari 1055,7,114401,2019-03-15
1056,Arun 1056,9,79486,2025-12-01
1057,Farah 1057,1,76878,2026-04-29
1058,Nisha 1058,4,45863,2021-06-28
1059,Charan 1059,10,84235,2025-01-20
1060,Vijay 1060,6,112287,2021-10-21
1061,Gokul 1061,9,103096,2021-11-13
1062,Manoj 1062,4,112964,2022-04-12
1063,Zara 1063,5,118392,2020-08-25
1064,Indu 1064,6,100811,2022-02-02
1065,Sneha 1065,4,49808,2025-01-08
1066,Arun 1066,2,53650,2022-02-03
1067,Farah 1067,6,53789,2020-10-28
1068,Bala 1068,10,53722,2023-05-08
1069,Indu 1069,5,52823,2026-02-14
1070,Indu 1070,7,30476,2019-05-16
1071,Eswar 1071,8,82218,2022-05-19
1072,Lakshmi 1072,7,71665,2025-12-03
1073,Gokul 1073,5,61735,2021-12-18
1074,Rahul 1074,10,45009,2025-07-04
1075,Lakshmi 1075,3,76084,2019-09-08
1076,Charan 1076,5,34876,2024-07-14
1077,Gokul 1077,8,65306,2019-06-14
1078,Indu 1078,6,25560,2025-11-24
1079,Rahul 1079,7,81540,2023-10-02
1080,Lakshmi 1080,10,119398,2024-06-13
1081,Gokul 1081,7,76325,2022-03-30
1082,Divya 1082,2,46112,2022-10-13
1083,Lakshmi 1083,10,81283,2023-04-14
1084,Divya 1084,7,31807,2023-11-12
1085,Zara 1085,4,39769,2021-07-27
1086,Rahul 1086,7,47662,2020-06-29
1087,Hari 1087,10,37562,2022-11-21
1088,Kavi 1088,9,82601,2020-11-13
1089,Manoj 1089,8,98826,2021-01-24
1090,Bala 1090,9,51008,2021-10-20
1091,Eswar 1091,2,60873,2025-03-31
1092,Arun 1092,1,73749,2022-03-15
1093,Gokul 1093,1,65869,2026-05-13
1094,Eswar 1094,3,33830,2020-10-02
1095,Yamini 1095,7,60183,2020-06-19
1096,Charan 1096,4,46058,2025-10-01
1097,Nisha 1097,4,76456,2025-01-25
1098,Rahul 1098,3,104066,2019-09-21
1099,Rahul 1099,4,51726,2019-10-26
1100,Eswar 1100,4,49810,2025-11-04
1101,Zara 1101,3,96869,2021-11-29
1102,Charan 1102,10,73781,2019-11-20
1103,Lakshmi 1103,9,61539,2021-01-04
1104,Yamini 1104,8,81825,2025-03-30
1105,Yamini 1105,9,53931,2020-05-31
1106,Vijay 1106,10,40405,2023-11-19
1107,Nisha 1107,6,54348,2023-12-23
1108,Vijay 1108,7,68589,2025-05-12
1109,Farah 1109,1,31391,2023-02-13
1110,Zara 1110,8,46170,2024-03-26
1111,Yamini 1111,6,71146,2020-10-01
1112,Praveen 1112,4,96608,2024-05-08
1113,Vijay 1113,5,103355,2021-05-02
1114,Eswar 1114,10,53885,2022-03-03
1115,Divya 1115,2,111003,2021-07-18
1116,Nisha 1116,9,53075,2022-05-16
1117,Rahul 1117,1,74239,2021-04-15
1118,Bala 1118,5,64242,2025-12-20
1119,Gokul 1119,7,26636,2024-02-14
1120,Kavi 1120,7,56980,2026-04-06
1121,Divya 1121,3,91242,2019-07-28
1122,Manoj 1122,3,27260,2024-10-08
1123,Rahul 1123,8,73342,2025-02-27
1124,Nisha 1124,1,109596,2025-08-29
1125,Nisha 1125,7,56130,2024-10-22
1126,Arun 1126,9,107187,2019-06-26
1127,Gokul 1127,6,29686,2020-07-06
1128,Praveen 1128,3,84255,2020-08-22
1129,Eswar 1129,5,91056,2023-04-14
1130,Charan 1130,9,41178,2019-10-18
1131,Manoj 1131,8,73054,2021-05-12
1132,Bala 1132,9,78654,2021-06-22
1133,Rahul 1133,4,47129,2021-08-27
1134,Gokul 1134,9,112499,2022-10-18
1135,John 1135,8,105302,2025-06-10
1136,Sneha 1136,4,52924,2022-02-27
1137,Divya 1137,10,26341,2019-05-31
1138,Zara 1138,6,36662,2024-12-03
1139,Farah 1139,8,95877,2019-11-26
1140,Nisha 1140,3,96304,2019-06-27
1141,Eswar 1141,6,112482,2023-01-09
1142,Praveen 1142,4,77464,2024-03-13
1143,Charan 1143,7,72955,2019-02-10
1144,John 1144,4,101603,2022-12-29
1145,Lakshmi 1145,1,37435,2023-12-30
1146,Manoj 1146,5,116775,2020-12-10
1147,John 1147,4,68249,2022-09-23
1148,Gokul 1148,1,31679,2019-03-18
1149,Farah 1149,10,85608,2022-08-21
1150,Bala 1150,5,102810,2024-11-22
1151,Indu 1151,2,119098,2026-03-08
1152,Hari 1152,1,42043,2023-08-20
1153,Lakshmi 1153,5,90334,2019-06-09
1154,Manoj 1154,2,65009,2023-09-14
1155,Hari 1155,4,92887,2025-07-17
1156,Nisha 1156,10,59600,2019-02-12
1157,Arun 1157,3,87253,2020-09-02
1158,Lakshmi 1158,2,103375,2021-10-10
1159,Vijay 1159,9,45230,2020-06-27
1160,Manoj 1160,3,105110,2022-09-14
1161,Gokul 1161,3,42937,2025-10-26
1162,Divya 1162,3,29381,2025-09-06
1163,Indu 1163,5,71195,2019-01-31
1164,Eswar 1164,1,33357,2024-02-12
1165,Nisha 1165,7,65555,2020-07-01
1166,Manoj 1166,7,72187,2024-01-09
1167,Lakshmi 1167,5,87283,2021-01-30
1168,Indu 1168,1,65829,2021-07-30
1169,Bala 1169,8,32823,2019-01-31
1170,Charan 1170,10,85713,2019-01-11
1171,Hari 1171,3,118284,2023-05-25
1172,Zara 1172,7,54162,2025-08-28
1173,Zara 1173,5,49029,2021-06-12
1174,Farah 1174,2,68303,2022-11-21
1175,Charan 1175,2,97905,2021-08-03
1176,Gokul 1176,6,98420,2025-01-06
1177,Praveen 1177,2,81538,2025-05-30
1178,Lakshmi 1178,3,48736,2025-12-06
1179,Divya 1179,6,49213,2024-07-13
1180,Zara 1180,2,84779,2023-11-02
1181,Gokul 1181,2,33872,2026-02-09
1182,Indu 1182,6,76387,2023-02-17
1183,Yamini 1183,6,81405,2024-10-17
1184,Zara 1184,10,110367,2019-10-17
1185,Gokul 1185,7,70565,2024-11-27
1186,Rahul 1186,6,115870,2020-05-03
1187,Praveen 1187,6,26139,2021-07-11
1188,John 1188,7,112577,2020-07-27
1189,Gokul 1189,5,117445,2024-09-15
1190,Zara 1190,1,46273,2025-07-03
1191,John 1191,1,111587,2020-03-31
1192,Indu 1192,10,39632,2021-01-06
1193,Vijay 1193,8,99694,2021-10-12
1194,Praveen 1194,7,32153,2020-07-31
1195,Rahul 1195,6,90935,2022-04-10
1196,Manoj 1196,2,99177,2023-11-26
1197,Eswar 1197,9,55561,2023-10-20
1198,Rahul 1198,2,102426,2023-01-21
1199,Vijay 1199,9,49262,2019-09-11
1200,Gokul 1200,4,27432,2022-11-22
1201,Hari 1201,4,118001,2024-11-28
1202,Sneha 1202,7,98181,2023-08-27
1203,Farah 1203,4,25103,2021-06-18
1204,Sneha 1204,9,32439,2026-05-09
1205,Eswar 1205,9,36829,2019-04-12
1206,Eswar 1206,9,59921,2021-07-29
1207,Lakshmi 1207,6,43060,2020-01-20
1208,Indu 1208,7,71609,2025-08-29
1209,Bala 1209,9,33144,2024-02-21
1210,Bala 1210,6,65814,2022-05-14
1211,Manoj 1211,5,75455,2024-05-30
1212,John 1212,2,101682,2026-04-19
1213,Arun 1213,2,80572,2019-10-29
1214,Gokul 1214,2,107679,2019-02-08
1215,Hari 1215,8,34289,2021-05-21
1216,Kavi 1216,4,63806,2022-03-16
1217,Praveen 1217,8,116279,2025-04-05
1218,Yamini 1218,9,52580,2024-03-10
1219,Manoj 1219,2,29043,2019-10-30
1220,John 1220,10,83899,2021-04-19
1221,John 1221,7,49240,2026-03-16
1222,Zara 1222,7,74153,2024-03-11
1223,Hari 1223,4,89706,2019-02-27
1224,John 1224,5,87145,2024-07-14
1225,Lakshmi 1225,2,102751,2020-05-06
1226,Gokul 1226,8,75863,2021-05-30
1227,Nisha 1227,1,48065,2023-05-03
1228,Nisha 1228,6,93893,2020-08-03
1229,Charan 1229,9,118324,2020-10-16
1230,Bala 1230,10,52804,2024-08-21
1231,Vijay 1231,8,110858,2022-06-23
1232,John 1232,8,42663,2019-03-28
1233,Praveen 1233,7,112641,2025-06-28
1234,Lakshmi 1234,7,118293,2023-01-28
1235,Gokul 1235,5,51649,2024-03-03
1236,Yamini 1236,8,60575,2025-12-28
1237,Nisha 1237,5,61298,2023-12-23
1238,Charan 1238,2,67629,2024-01-08
1239,John 1239,9,54741,2024-09-16
1240,Kavi 1240,4,45327,2020-10-05
1241,Indu 1241,4,78971,2019-05-04
1242,Nisha 1242,7,54537,2020-07-11
1243,Charan 1243,2,46658,2024-04-03
1244,Zara 1244,7,53821,2022-04-11
1245,Zara 1245,7,60172,2019-02-02
1246,John 1246,3,40750,2023-11-01
1247,John 1247,5,115242,2023-09-11
1248,Vijay 1248,1,111789,2020-09-01
1249,Divya 1249,3,92943,2024-06-19
1250,Nisha 1250,2,32538,2023-01-09
1251,Kavi 1251,5,29718,2022-06-08
1252,Praveen 1252,1,70107,2022-03-11
1253,Vijay 1253,4,59532,2022-01-26
1254,Farah 1254,5,92050,2022-10-17
1255,Vijay 1255,2,116152,2019-05-26
1256,Eswar 1256,3,75292,2022-08-16
1257,Kavi 1257,8,46944,2022-04-14
1258,Arun 1258,5,27311,2025-02-03
1259,Zara 1259,10,28029,2023-09-18
1260,Vijay 1260,8,28185,2025-12-06
1261,Sneha 1261,7,38920,2020-05-24
1262,Yamini 1262,10,27160,2023-04-21
1263,Charan 1263,8,53152,2022-12-20
1264,Yamini 1264,1,78705,2024-04-17
1265,Vijay 1265,6,49811,2019-02-04
1266,Eswar 1266,8,86709,2021-10-23
1267,Nisha 1267,9,38184,2023-09-01
1268,Praveen 1268,9,92677,2022-04-23
1269,Charan 1269,1,80537,2020-09-22
1270,Lakshmi 1270,4,35849,2024-02-13
1271,Lakshmi 1271,2,102653,2025-10-18
1272,Kavi 1272,2,51675,2025-10-03
1273,Kavi 1273,3,46036,2022-09-15
1274,Charan 1274,4,63433,2025-03-31
1275,Yamini 1275,2,89314,2025-05-03
1276,Praveen 1276,9,83268,2023-05-01
1277,Lakshmi 1277,9,108552,2024-11-20
1278,Rahul 1278,3,113977,2020-08-06
1279,Arun 1279,3,65433,2020-12-26
1280,Eswar 1280,4,42613,2021-09-25
1281,Praveen 1281,3,36113,2024-06-07
1282,Sneha 1282,9,76062,2023-06-04
1283,Zara 1283,7,96334,2026-04-01
1284,Sneha 1284,7,86681,2022-02-21
1285,Rahul 1285,3,112841,2021-03-21
1286,Manoj 1286,1,60959,2025-11-03
1287,Eswar 1287,8,53512,2020-09-27
1288,Manoj 1288,8,107269,2019-09-11
1289,Lakshmi 1289,4,112404,2020-10-01
1290,John 1290,10,114109,2025-05-19
1291,Rahul 1291,6,45064,2025-09-28
1292,Charan 1292,10,76562,2019-10-27
1293,Charan 1293,1,28938,2019-11-04
1294,Charan 1294,3,96877,2021-10-27
1295,Bala 1295,4,81457,2022-10-15
1296,Indu 1296,6,51242,2020-10-11
1297,Nisha 1297,2,71443,2020-04-17
1298,Nisha 1298,8,68717,2024-08-18
1299,Divya 1299,1,111650,2019-08-18
1300,Eswar 1300,7,103606,2021-05-14
1301,Gokul 1301,2,112777,2020-10-18
1302,Praveen 1302,9,28106,2022-09-01
1303,Zara 1303,5,111330,2022-06-25
1304,Eswar 1304,8,31860,2019-06-29
1305,John 1305,3,28198,2025-12-30
1306,Kavi 1306,1,44391,2021-10-29
1307,Divya 1307,4,58621,2026-05-03
1308,Yamini 1308,8,90413,2021-02-24
1309,Charan 1309,3,62434,2019-05-04
1310,Hari 1310,3,114017,2020-12-17
1311,Hari 1311,10,105861,2024-02-28
1312,Divya 1312,1,50636,2025-05-14
1313,Lakshmi 1313,3,60404,2020-01-24
1314,Charan 1314,5,55411,2023-03-24
1315,John 1315,9,42789,2022-05-19
1316,Eswar 1316,5,94962,2020-05-08
1317,John 1317,9,38165,2021-05-04
1318,Praveen 1318,7,108886,2020-02-05
1319,Arun 1319,7,87489,2026-03-13
1320,Arun 1320,5,115971,2024-04-06
1321,Rahul 1321,6,48612,2021-05-07
1322,Rahul 1322,9,51156,2024-10-26
1323,Vijay 1323,4,43060,2023-11-08
1324,Gokul 1324,6,89400,2021-07-22
1325,Bala 1325,4,40067,2023-01-27
1326,Charan 1326,1,52862,2023-11-05
1327,Kavi 1327,7,83899,2023-12-15
1328,Praveen 1328,10,105779,2026-04-30
1329,Praveen 1329,6,30141,2021-04-13
1330,Indu 1330,3,92907,2020-03-19
1331,Nisha 1331,4,67939,2020-02-27
1332,Arun 1332,4,51014,2023-04-23
1333,Gokul 1333,5,65498,2023-03-14
1334,Hari 1334,1,113938,2021-10-19
1335,Zara 1335,5,64970,2021-01-12
1336,Divya 1336,1,70603,2020-09-24
1337,Yamini 1337,7,89373,2024-02-08
1338,Divya 1338,4,103565,2022-12-09
1339,Bala 1339,2,56641,2020-12-04
1340,Gokul 1340,7,43422,2023-03-31
1341,Manoj 1341,10,71156,2019-12-03
1342,Bala 1342,9,84691,2025-06-07
1343,Lakshmi 1343,5,117114,2023-03-05
1344,Kavi 1344,6,26441,2020-04-13
1345,Manoj 1345,5,60831,2019-08-28
1346,Sneha 1346,8,61235,2019-08-02
1347,Rahul 1347,6,117396,2023-10-21
1348,Praveen 1348,10,98614,2024-09-30
1349,Hari 1349,3,92042,2019-06-18
1350,Manoj 1350,5,50147,2022-07-13
1351,Gokul 1351,2,105338,2020-11-16
1352,Nisha 1352,7,99163,2021-11-01
1353,Zara 1353,3,37163,2021-11-22
1354,Hari 1354,5,99786,2021-01-23
1355,Praveen 1355,7,27216,2020-08-15
1356,John 1356,9,43158,2020-08-04
1357,Nisha 1357,1,86227,2024-09-09
1358,Rahul 1358,9,30858,2023-05-04
1359,Divya 1359,5,79184,2024-03-12
1360,Divya 1360,9,81001,2023-08-09
1361,Arun 1361,5,103746,2019-09-11
1362,John 1362,5,67638,2024-09-03
1363,Arun 1363,3,96284,2019-08-14
1364,Gokul 1364,6,37734,2020-11-02
1365,John 1365,7,93103,2020-08-10
1366,Charan 1366,9,89978,2024-11-03
1367,Charan 1367,7,72911,2026-01-19
1368,Eswar 1368,8,78245,2025-11-09
1369,Kavi 1369,5,90348,2025-03-22
1370,Charan 1370,9,42708,2019-03-15
1371,Charan 1371,4,104800,2025-09-03
1372,Lakshmi 1372,8,92554,2020-08-30
1373,Farah 1373,3,80658,2019-07-06
1374,Charan 1374,6,108681,2022-07-01
1375,Indu 1375,6,73497,2022-06-24
1376,Nisha 1376,7,87377,2023-12-01
1377,Lakshmi 1377,6,106703,2023-08-18
1378,Eswar 1378,3,116825,2024-05-11
1379,Indu 1379,5,80990,2025-06-23
1380,Rahul 1380,10,31361,2022-04-19
1381,Sneha 1381,8,70174,2024-07-20
1382,Eswar 1382,8,44001,2026-04-09
1383,Rahul 1383,3,55499,2022-09-26
1384,Charan 1384,9,98743,2025-08-04
1385,Lakshmi 1385,3,80049,2026-01-06
1386,Nisha 1386,5,60361,2021-06-23
1387,Zara 1387,1,110916,2024-05-19
1388,Lakshmi 1388,2,59432,2024-06-13
1389,Manoj 1389,8,30980,2023-10-16
1390,Indu 1390,8,94495,2020-09-04
1391,Kavi 1391,3,51997,2023-04-11
1392,Divya 1392,2,67120,2020-08-11
1393,Rahul 1393,9,83865,2024-11-24
1394,Eswar 1394,8,45431,2019-09-07
1395,Gokul 1395,7,68833,2026-03-21
1396,Indu 1396,8,62923,2019-06-01
1397,Nisha 1397,2,53126,2019-04-20
1398,Yamini 1398,6,78049,2022-04-09
1399,Hari 1399,5,81602,2022-12-04
1400,Praveen 1400,6,114291,2022-02-11
1401,Divya 1401,6,29453,2022-03-28
1402,Gokul 1402,10,39251,2025-10-04
1403,Indu 1403,1,58817,2022-09-30
1404,Divya 1404,7,85394,2022-04-22
1405,Vijay 1405,5,73855,2020-08-14
1406,Rahul 1406,1,38687,2023-04-01
1407,Praveen 1407,6,25906,2024-03-26
1408,Hari 1408,3,66102,2020-09-06
1409,Gokul 1409,8,47522,2022-02-26
1410,Lakshmi 1410,4,109872,2021-04-29
1411,Zara 1411,1,104149,2024-02-05
1412,Indu 1412,8,85418,2024-04-08
1413,Lakshmi 1413,7,80433,2019-10-07
1414,Hari 1414,6,32279,2022-08-24
1415,Divya 1415,7,96451,2024-08-09
1416,Kavi 1416,3,51617,2019-10-08
1417,Indu 1417,8,88770,2024-04-03
1418,Kavi 1418,8,96248,2019-11-25
1419,Rahul 1419,10,61718,2025-02-14
1420,Divya 1420,10,42267,2023-09-03
1421,Charan 1421,3,75107,2020-01-30
1422,Nisha 1422,9,53605,2020-08-23
1423,Arun 1423,9,113981,2025-12-04
1424,Divya 1424,2,35740,2026-03-28
1425,Kavi 1425,2,113734,2025-07-15
1426,Vijay 1426,6,79625,2023-06-05
1427,Charan 1427,7,109845,2024-01-22
1428,John 1428,7,82753,2023-06-18
1429,Zara 1429,9,104723,2020-06-30
1430,Praveen 1430,10,87666,2023-05-05
1431,Divya 1431,6,61367,2026-01-11
1432,Eswar 1432,5,111359,2019-06-28
1433,Divya 1433,3,111372,2019-05-26
1434,Arun 1434,6,69294,2019-06-18
1435,Farah 1435,7,82557,2025-12-10
1436,Arun 1436,7,97018,2025-05-06
1437,Manoj 1437,2,114073,2023-06-07
1438,Bala 1438,1,42877,2021-09-10
1439,Sneha 1439,8,110111,2023-05-19
1440,Kavi 1440,3,62808,2025-11-11
1441,Eswar 1441,10,99200,2020-07-27
1442,Vijay 1442,3,44106,2025-08-07
1443,Hari 1443,4,29019,2021-05-20
1444,Rahul 1444,9,85026,2023-01-30
1445,Rahul 1445,7,94606,2019-01-03
1446,Nisha 1446,4,118143,2023-04-02
1447,Indu 1447,10,28512,2024-11-23
1448,Kavi 1448,2,92272,2021-10-02
1449,Nisha 1449,5,41936,2024-11-04
1450,Praveen 1450,10,96747,2023-02-13
1451,Indu 1451,2,36945,2022-12-04
1452,Manoj 1452,8,72806,2023-09-24
1453,Sneha 1453,8,90496,2023-03-23
1454,Vijay 1454,1,31279,2024-06-21
1455,Kavi 1455,4,38515,2019-03-22
1456,Lakshmi 1456,2,118758,2021-01-05
1457,Rahul 1457,2,55291,2020-08-15
1458,Praveen 1458,2,46982,2026-01-17
1459,Indu 1459,8,115923,2023-02-03
1460,Farah 1460,4,30703,2022-04-12
1461,Praveen 1461,9,97616,2024-01-31
1462,Zara 1462,5,57207,2019-02-15
1463,John 1463,8,44501,2021-03-23
1464,Gokul 1464,3,65142,2019-10-23
1465,Indu 1465,3,76329,2026-01-12
1466,Yamini 1466,5,48709,2024-02-05
1467,Manoj 1467,2,71841,2025-10-08
1468,Lakshmi 1468,4,25375,2025-01-23
1469,Zara 1469,3,84587,2025-12-24
1470,Eswar 1470,5,75687,2020-08-31
1471,Kavi 1471,6,57844,2019-01-14
1472,Eswar 1472,4,58720,2021-05-22
1473,Arun 1473,1,109959,2019-05-29
1474,Praveen 1474,5,54155,2024-11-14
1475,Divya 1475,2,104114,2020-09-04
1476,Gokul 1476,3,29093,2023-11-20
1477,Farah 1477,3,82669,2022-08-06
1478,Bala 1478,8,106097,2024-08-18
1479,Lakshmi 1479,5,100842,2020-06-06
1480,Vijay 1480,10,93406,2019-08-04
1481,Hari 1481,2,84271,2024-07-06
1482,Hari 1482,9,66495,2020-04-02
1483,John 1483,3,59921,2026-03-06
1484,Nisha 1484,5,40047,2019-03-16
1485,Arun 1485,6,90783,2021-01-23
1486,Bala 1486,6,45849,2019-06-23
1487,Bala 1487,1,59264,2021-10-11
1488,Arun 1488,5,88206,2025-09-16
1489,Rahul 1489,6,101965,2020-01-02
1490,Gokul 1490,3,71047,2020-01-01
1491,Lakshmi 1491,3,72188,2021-03-05
1492,Praveen 1492,7,83741,2022-11-21
1493,Zara 1493,10,35251,2021-10-07
1494,Hari 1494,2,55926,2019-12-28
1495,John 1495,9,73468,2019-11-29
1496,Divya 1496,10,103303,2023-01-16
1497,Hari 1497,9,62169,2026-01-20
1498,John 1498,2,46941,2023-07-24
1499,Gokul 1499,8,42900,2021-03-17
1500,Charan 1500,7,34530,2023-04-11
