payroll_id,emp_id,basic_salary,bonus,pay_month
2,310,98662,1133,Feb-2026
4,962,97779,11577,Mar-2026
5,302,98049,13730,Apr-2026
6,313,43755,3970,Apr-2026
9,1297,29943,14758,Mar-2026
10,591,58544,12943,Feb-2026
12,1391,34190,1019,Mar-2026
13,494,56006,8741,Apr-2026
14,389,66968,4794,Jan-2026
16,746,56140,14116,Jan-2026
18,90,96981,10895,Jan-2026
20,612,50622,9408,Apr-2026
22,1317,30615,7003,Mar-2026
23,490,27070,4905,Feb-2026
24,153,58085,13419,Mar-2026
29,468,37079,3522,Jan-2026
30,1374,94040,10111,Feb-2026
31,967,44442,3997,Feb-2026
33,1137,65175,9515,Apr-2026
37,553,82900,3764,Mar-2026
38,936,66390,4079,Apr-2026
42,170,80953,2437,Feb-2026
43,974,80741,3132,Feb-2026
45,916,96100,3052,Apr-2026
46,990,99049,10166,Feb-2026
47,141,82482,6327,Jan-2026
52,549,88928,11269,Feb-2026
57,1190,37481,4913,Apr-2026
58,1267,86108,8785,Jan-2026
60,436,50161,4277,Feb-2026
61,765,96959,10936,Jan-2026
64,1310,42182,1333,Feb-2026
66,1365,46565,5447,Apr-2026
68,876,84713,6697,Apr-2026
74,1231,82797,9928,Apr-2026
75,550,77385,9337,Mar-2026
78,1149,70011,14825,Mar-2026
79,640,46350,2082,Apr-2026
83,964,35573,14673,Apr-2026
86,1227,33125,1127,Jan-2026
89,1200,43458,8906,Apr-2026
90,743,38043,11138,Apr-2026
93,1025,39666,5174,Apr-2026
96,217,82441,12629,Mar-2026
97,1152,35206,5953,Mar-2026
98,845,67571,6955,Mar-2026
103,1192,85726,14064,Feb-2026
104,1028,68492,11098,Jan-2026
105,593,44036,4262,Mar-2026
107,1023,86131,5391,Apr-2026
108,1297,59127,2654,Apr-2026
109,1290,66348,9678,Mar-2026
110,107,33515,11108,Mar-2026
112,11,95864,6375,Apr-2026
113,818,76146,12786,Feb-2026
115,1423,60045,6588,Feb-2026
116,41,58768,9412,Apr-2026
117,1297,26565,13460,Feb-2026
120,1333,80764,9682,Mar-2026
124,1290,48646,9862,Feb-2026
127,363,81449,5352,Jan-2026
128,540,66896,8296,Feb-2026
129,910,39135,7917,Apr-2026
131,553,30229,11124,Mar-2026
133,219,98019,13365,Apr-2026
136,1316,93254,9715,Apr-2026
138,13,48712,9127,Mar-2026
140,279,31083,7380,Feb-2026
144,850,47837,10139,Feb-2026
146,113,62023,4488,Feb-2026
147,495,32769,4569,Feb-2026
148,1316,95578,6782,Apr-2026
149,559,92080,1909,Jan-2026
155,77,69957,1580,Mar-2026
156,633,28770,1557,Feb-2026
157,613,37865,2503,Feb-2026
158,654,97898,14022,Apr-2026
159,1450,68745,3430,Jan-2026
161,743,47609,10908,Jan-2026
162,276,51921,14235,Mar-2026
164,393,87115,14989,Apr-2026
169,103,66923,5002,Mar-2026
170,294,75832,2608,Mar-2026
178,1385,73212,6119,Jan-2026
179,1405,76971,14955,Feb-2026
180,644,74925,7054,Apr-2026
181,1170,80658,10486,Feb-2026
182,1235,25851,5315,Feb-2026
185,498,75103,5559,Feb-2026
187,654,65447,9494,Jan-2026
188,1323,63283,6911,Feb-2026
191,768,95931,5912,Mar-2026
193,423,99074,8092,Jan-2026
195,260,33961,5780,Mar-2026
199,970,61468,2789,Apr-2026
200,738,50288,13364,Feb-2026
202,814,43038,4450,Mar-2026
203,953,36423,6118,Feb-2026
205,1115,36526,5306,Feb-2026
206,1191,29801,4721,Feb-2026
207,1077,95281,2818,Mar-2026
208,364,95610,3486,Apr-2026
209,656,35435,8644,Mar-2026
210,704,35005,13172,Jan-2026
211,761,58508,3301,Feb-2026
217,634,49811,7077,Mar-2026
219,45,95648,7297,Apr-2026
220,825,83349,6194,Jan-2026
222,60,73519,12635,Apr-2026
223,1272,69754,7241,Apr-2026
226,158,97079,4042,Jan-2026
229,1128,98024,11951,Feb-2026
231,1353,60597,6041,Mar-2026
233,289,38711,6339,Apr-2026
235,530,62549,2106,Mar-2026
237,588,81390,14366,Jan-2026
240,1023,78992,11563,Jan-2026
241,271,46813,13508,Apr-2026
242,792,28955,10329,Apr-2026
243,933,80099,4497,Apr-2026
244,1162,39984,1264,Apr-2026
245,1493,27965,11138,Feb-2026
246,371,89287,11435,Feb-2026
249,183,69761,9885,Apr-2026
251,1100,29351,10073,Feb-2026
252,1423,43453,3879,Mar-2026
253,10,97383,9409,Apr-2026
254,941,32826,2776,Mar-2026
256,669,56952,11052,Jan-2026
257,1098,48941,10539,Jan-2026
258,844,40341,3354,Apr-2026
259,1300,40920,4625,Apr-2026
261,42,69883,12938,Feb-2026
262,570,55503,7191,Feb-2026
263,741,40940,5298,Mar-2026
264,813,29507,7549,Mar-2026
267,1307,36853,1082,Jan-2026
268,313,58300,9821,Jan-2026
271,657,31592,1124,Jan-2026
272,554,50276,6651,Mar-2026
273,23,40524,8122,Mar-2026
274,513,97649,2776,Mar-2026
275,840,91321,9922,Jan-2026
277,921,82065,13970,Feb-2026
280,891,93184,10194,Mar-2026
283,1279,49885,6553,Mar-2026
286,733,25792,6090,Feb-2026
287,740,63833,10802,Apr-2026
288,285,28327,14631,Mar-2026
290,1015,34333,9093,Mar-2026
292,801,77661,1263,Feb-2026
296,716,90170,13212,Feb-2026
298,1324,93274,4419,Jan-2026
300,100,39342,1981,Feb-2026
301,897,74027,4645,Jan-2026
303,191,73263,5182,Apr-2026
304,1491,97251,1939,Feb-2026
305,958,98910,5178,Mar-2026
306,1069,52764,9193,Feb-2026
307,1062,51035,9236,Jan-2026
310,1334,73713,14932,Mar-2026
313,1492,49103,5640,Apr-2026
316,1204,33638,12066,Mar-2026
318,1249,91857,6627,Apr-2026
319,601,75042,1281,Apr-2026
321,1467,69294,6863,Mar-2026
322,1034,61751,14315,Mar-2026
324,742,94584,11916,Jan-2026
325,762,42112,6859,Jan-2026
326,186,88186,5413,Mar-2026
327,553,41498,9857,Mar-2026
328,834,38909,8817,Jan-2026
330,1123,58213,10782,Jan-2026
332,1335,92009,12359,Feb-2026
333,1018,48507,8634,Jan-2026
335,216,77504,5376,Mar-2026
337,1493,89089,7862,Mar-2026
338,1091,47382,8504,Apr-2026
339,1473,60554,1163,Mar-2026
341,1403,86639,13109,Mar-2026
342,1020,44395,3985,Mar-2026
343,1130,30019,11684,Mar-2026
345,743,77320,3134,Apr-2026
346,1327,40894,2820,Feb-2026
347,78,85050,4562,Mar-2026
348,169,89768,13185,Mar-2026
351,685,59804,5467,Apr-2026
352,1266,81737,12097,Feb-2026
353,5,53113,5265,Feb-2026
355,248,28078,13726,Mar-2026
357,264,63584,3503,Feb-2026
358,1163,71507,7864,Mar-2026
359,1411,51418,13342,Jan-2026
360,1148,79962,12587,Feb-2026
361,528,82414,7387,Feb-2026
362,63,44848,11209,Jan-2026
363,896,87341,1442,Jan-2026
366,208,64519,10322,Jan-2026
368,312,39773,14992,Mar-2026
370,442,35695,13224,Jan-2026
372,1329,62643,11858,Apr-2026
373,498,72945,3233,Mar-2026
375,108,38221,3987,Mar-2026
378,1275,37111,8062,Jan-2026
379,287,58110,11228,Apr-2026
380,942,98890,10373,Mar-2026
381,1417,56453,14582,Jan-2026
382,1063,61276,12888,Jan-2026
384,488,74847,11835,Apr-2026
385,1143,93626,11385,Mar-2026
387,1311,50364,4283,Feb-2026
388,1271,51611,9245,Mar-2026
390,1268,46877,7834,Apr-2026
391,666,90288,7846,Apr-2026
392,1360,72169,2250,Mar-2026
394,551,83275,3426,Apr-2026
395,1383,79295,6438,Feb-2026
396,912,50425,5688,Apr-2026
397,487,74148,11248,Mar-2026
399,93,65975,2685,Mar-2026
400,45,95612,8562,Mar-2026
403,39,67821,6901,Apr-2026
405,1394,30189,13516,Feb-2026
406,693,93506,8463,Apr-2026
407,794,94590,5557,Mar-2026
410,580,75747,1986,Jan-2026
412,1,97411,8097,Apr-2026
413,254,77542,11025,Mar-2026
415,323,98972,13865,Jan-2026
416,338,53638,6023,Jan-2026
417,257,30343,5515,Mar-2026
421,731,69960,1405,Apr-2026
423,1047,37886,3733,Jan-2026
424,1338,43535,7497,Feb-2026
427,593,66242,12811,Apr-2026
428,1173,45269,8685,Mar-2026
429,342,65322,6151,Mar-2026
430,485,53210,13598,Mar-2026
433,898,42599,4194,Apr-2026
435,1368,25503,7386,Jan-2026
439,1459,45033,10651,Mar-2026
442,656,35498,14766,Jan-2026
443,328,90085,7236,Jan-2026
445,700,50652,11437,Mar-2026
448,611,88119,9522,Mar-2026
451,1219,70669,10830,Mar-2026
453,778,74115,14642,Apr-2026
454,307,83219,4943,Jan-2026
456,667,61088,5140,Feb-2026
459,40,84155,12759,Mar-2026
460,249,73038,4286,Mar-2026
461,253,45401,4946,Jan-2026
462,939,56682,8473,Apr-2026
464,761,48773,12706,Apr-2026
466,1015,87946,2405,Feb-2026
467,407,51843,12545,Jan-2026
470,1094,93879,3880,Mar-2026
471,1167,46337,5156,Apr-2026
473,469,54576,11205,Jan-2026
474,973,70233,6006,Jan-2026
475,885,85504,1031,Jan-2026
477,63,51527,7654,Mar-2026
478,1456,85481,9339,Feb-2026
479,1189,67337,14087,Apr-2026
480,722,55839,9188,Feb-2026
481,929,79210,4043,Feb-2026
484,1317,99040,11732,Apr-2026
485,899,61527,14965,Feb-2026
487,202,36176,3643,Apr-2026
489,722,31664,14065,Apr-2026
491,177,25733,2790,Feb-2026
494,528,42306,2582,Jan-2026
495,194,71035,9828,Jan-2026
497,294,93985,8595,Apr-2026
498,137,78422,9719,Feb-2026
500,1122,38474,10603,Jan-2026
504,455,82831,4034,Jan-2026
505,852,52431,1563,Feb-2026
506,101,54696,2788,Feb-2026
509,141,86208,1866,Apr-2026
510,1214,46372,9751,Feb-2026
511,1227,73298,10283,Apr-2026
517,1473,80930,2360,Jan-2026
518,670,38344,11298,Mar-2026
522,461,94881,14109,Apr-2026
527,1313,39548,7204,Jan-2026
531,152,97130,8777,Mar-2026
533,874,48367,5718,Feb-2026
534,365,31108,10837,Jan-2026
537,1006,34111,10991,Apr-2026
538,1455,98313,1542,Feb-2026
541,377,40666,7612,Jan-2026
542,1198,88018,9911,Jan-2026
543,1101,90909,2168,Jan-2026
544,814,46331,10109,Apr-2026
545,919,47584,8653,Mar-2026
546,581,28036,12375,Apr-2026
547,333,79014,12087,Apr-2026
549,828,88942,9201,Mar-2026
550,151,84541,5012,Jan-2026
553,95,48925,11523,Jan-2026
554,551,47232,5991,Feb-2026
555,749,86211,2418,Mar-2026
556,1387,47133,7903,Feb-2026
558,1452,55974,7782,Mar-2026
559,170,65024,8566,Jan-2026
564,497,83332,11602,Jan-2026
568,192,59528,7902,Jan-2026
569,512,59713,7215,Feb-2026
570,709,80358,14454,Apr-2026
571,317,74393,12329,Jan-2026
573,920,68033,5266,Jan-2026
577,1039,30737,5164,Apr-2026
580,1276,88793,6880,Feb-2026
583,676,29126,8300,Jan-2026
587,1074,64409,7070,Jan-2026
589,585,40503,11487,Apr-2026
593,1443,85548,2084,Mar-2026
594,601,74616,11302,Feb-2026
595,1,62492,13549,Jan-2026
599,32,88328,7510,Feb-2026
601,34,27402,5190,Apr-2026
604,600,81128,13748,Jan-2026
605,45,93531,6830,Feb-2026
606,1382,60906,3690,Apr-2026
608,132,29695,12506,Mar-2026
610,301,72424,6309,Apr-2026
612,836,91367,4202,Apr-2026
613,1253,89690,8779,Mar-2026
614,1421,89669,3392,Feb-2026
616,136,97685,9281,Apr-2026
618,1323,38321,7774,Apr-2026
619,466,51241,1968,Mar-2026
620,374,47452,4894,Mar-2026
625,1336,58844,4798,Mar-2026
626,1349,67170,12762,Mar-2026
628,144,79402,14601,Apr-2026
630,1241,47372,4855,Mar-2026
631,1080,40891,7637,Apr-2026
639,57,91016,2320,Mar-2026
642,864,42785,5960,Apr-2026
644,349,26135,2517,Apr-2026
646,562,57290,6424,Apr-2026
649,379,83604,3394,Apr-2026
651,409,99372,13803,Mar-2026
652,1336,29458,12270,Jan-2026
654,517,29268,14604,Jan-2026
655,1418,31543,11582,Mar-2026
656,817,30303,3657,Feb-2026
659,1264,96076,10313,Feb-2026
663,504,51866,14538,Apr-2026
665,455,35515,2102,Feb-2026
667,835,93471,12249,Feb-2026
668,656,35576,4982,Jan-2026
669,1135,29778,8161,Mar-2026
674,155,70308,1459,Mar-2026
676,1225,72748,13244,Apr-2026
681,150,58437,8222,Feb-2026
682,1131,33224,4913,Jan-2026
683,873,41768,7813,Jan-2026
686,757,83526,2262,Feb-2026
689,1178,25872,13347,Jan-2026
690,342,58897,2422,Apr-2026
693,179,62150,11277,Apr-2026
694,726,99776,9267,Mar-2026
695,371,92730,6169,Jan-2026
696,1198,43039,3656,Mar-2026
697,1203,98778,14741,Apr-2026
700,1349,86245,3216,Feb-2026
701,654,36468,3361,Feb-2026
702,1033,37192,9222,Mar-2026
703,961,36052,2581,Feb-2026
706,143,53592,7157,Jan-2026
707,173,85082,4603,Mar-2026
710,109,77221,2207,Mar-2026
712,1163,73061,13465,Jan-2026
713,402,40278,10955,Feb-2026
715,301,25582,3161,Feb-2026
723,34,59311,14370,Mar-2026
725,948,93084,10640,Mar-2026
726,944,43014,1918,Mar-2026
727,792,77146,14098,Mar-2026
729,1160,90013,8000,Mar-2026
731,797,34191,9902,Apr-2026
732,833,25232,4544,Apr-2026
733,966,43205,1575,Mar-2026
735,616,71070,1767,Mar-2026
736,559,96890,8465,Apr-2026
737,477,34138,7996,Feb-2026
738,1302,73910,10631,Apr-2026
739,459,57399,13759,Feb-2026
740,898,50342,2357,Jan-2026
744,230,47459,7370,Feb-2026
745,389,72922,1193,Mar-2026
746,233,45087,8803,Jan-2026
749,1325,92389,5608,Jan-2026
750,774,99058,1761,Jan-2026
751,1257,81634,13696,Feb-2026
752,1098,25100,3423,Mar-2026
753,766,99317,14750,Mar-2026
759,1206,64324,1994,Mar-2026
763,1466,61980,13456,Feb-2026
765,1100,41840,13369,Mar-2026
768,918,57468,1079,Apr-2026
770,434,45779,10180,Feb-2026
774,95,73626,6095,Feb-2026
775,230,27121,7749,Jan-2026
777,923,73148,7096,Apr-2026
778,996,82891,9344,Feb-2026
779,647,73409,3061,Mar-2026
781,974,83251,2196,Apr-2026
783,503,94602,5171,Feb-2026
784,1171,73350,14487,Jan-2026
785,516,99923,2510,Mar-2026
786,1096,70744,5746,Apr-2026
787,1295,42009,8664,Apr-2026
789,37,61059,13477,Mar-2026
794,406,60304,11798,Apr-2026
796,780,65926,6406,Apr-2026
797,590,34307,6515,Mar-2026
798,665,73733,14130,Mar-2026
799,142,97902,9373,Apr-2026
800,71,82789,6199,Mar-2026
801,1005,75975,3009,Mar-2026
803,945,31607,12938,Jan-2026
804,1490,26462,9276,Mar-2026
808,454,35013,11322,Apr-2026
809,579,34861,5763,Feb-2026
810,817,52263,4534,Apr-2026
811,1312,89303,10677,Mar-2026
812,301,67225,12610,Apr-2026
814,254,98485,2296,Apr-2026
815,271,36360,7927,Apr-2026
816,1371,93548,10152,Apr-2026
817,254,36863,4217,Mar-2026
818,776,62899,12704,Feb-2026
819,356,32257,5232,Apr-2026
820,1348,41057,1835,Jan-2026
822,1414,92402,9036,Mar-2026
823,962,78180,11016,Apr-2026
826,73,81537,2488,Apr-2026
830,314,63552,10902,Mar-2026
831,696,68596,1889,Feb-2026
832,898,68477,6551,Jan-2026
835,382,41740,8923,Jan-2026
838,611,54821,5071,Mar-2026
840,622,57929,6152,Jan-2026
841,231,83161,12814,Feb-2026
842,203,77352,9765,Jan-2026
844,390,45247,6630,Mar-2026
846,1404,37266,2889,Mar-2026
850,1085,33180,8742,Feb-2026
851,258,95987,5599,Feb-2026
852,872,44458,13966,Jan-2026
855,1496,47253,2557,Apr-2026
858,744,60352,13152,Jan-2026
861,1046,45030,7156,Jan-2026
863,586,53050,13852,Feb-2026
867,932,92375,3250,Mar-2026
869,190,71419,10621,Jan-2026
870,1147,69686,6002,Apr-2026
872,626,62013,10770,Apr-2026
874,797,29143,6849,Feb-2026
876,856,25699,2863,Mar-2026
880,890,58426,5270,Mar-2026
881,787,36924,6494,Apr-2026
884,886,73115,12217,Jan-2026
887,1080,77590,13532,Jan-2026
888,676,75717,6778,Jan-2026
889,96,90046,4739,Jan-2026
890,103,80245,1061,Jan-2026
895,92,98120,10780,Mar-2026
898,209,38879,10047,Jan-2026
899,1127,73457,4725,Mar-2026
900,449,86664,13264,Feb-2026
906,461,88535,10094,Apr-2026
911,1231,45365,2821,Jan-2026
913,1276,96930,11303,Apr-2026
915,679,44147,2496,Apr-2026
916,940,47967,3830,Jan-2026
917,1012,70991,8850,Mar-2026
923,1365,26394,14566,Apr-2026
924,76,94954,6272,Apr-2026
925,1031,81129,1238,Mar-2026
927,1211,74543,14441,Feb-2026
929,334,49499,3483,Feb-2026
930,1384,68149,6274,Apr-2026
932,214,94765,13255,Mar-2026
934,906,46806,13023,Mar-2026
935,152,85570,14635,Jan-2026
936,1001,95519,5048,Feb-2026
937,117,28285,5951,Mar-2026
942,938,78925,4540,Mar-2026
943,538,49337,3457,Jan-2026
944,95,98535,3480,Apr-2026
948,901,51707,12211,Apr-2026
949,1033,32438,7200,Mar-2026
950,940,90067,7556,Apr-2026
953,180,89183,1013,Apr-2026
954,1468,91218,9480,Jan-2026
955,651,53345,1058,Jan-2026
957,274,45071,11371,Mar-2026
963,971,39180,3199,Mar-2026
965,556,83718,8012,Apr-2026
966,397,33025,9584,Apr-2026
971,171,49180,11323,Jan-2026
973,299,69471,2126,Feb-2026
975,1279,81865,6086,Feb-2026
980,1216,38921,13700,Jan-2026
981,1196,48932,1276,Mar-2026
982,1223,62813,8579,Jan-2026
983,1103,28417,6811,Mar-2026
986,579,44497,14386,Jan-2026
988,917,75865,2390,Apr-2026
989,1289,58643,11650,Jan-2026
991,716,81834,10205,Jan-2026
992,462,88417,9838,Jan-2026
997,262,32066,13571,Feb-2026
998,620,74180,6803,Jan-2026
1000,1427,87848,8555,Jan-2026
