recruit_id,candidate_name,position,interview_date,status
1,Candidate 1,Analyst,2025-05-03,Selected
2,Candidate 2,Analyst,2024-01-01,Pending
3,Candidate 3,HR,2025-07-06,Rejected
4,Candidate 4,Developer,2024-03-02,Pending
5,Candidate 5,Analyst,2025-06-24,Selected
6,Candidate 6,HR,2025-11-02,Pending
7,Candidate 7,Developer,2025-09-06,Pending
8,Candidate 8,Developer,2025-01-01,Pending
9,Candidate 9,Analyst,2025-06-07,Selected
10,Candidate 10,Analyst,2025-03-12,Rejected
11,Candidate 11,Tester,2024-01-10,Rejected
12,Candidate 12,Developer,2024-04-03,Selected
13,Candidate 13,Analyst,2024-12-01,Pending
14,Candidate 14,Tester,2024-10-27,Selected
15,Candidate 15,Analyst,2024-01-02,Rejected
16,Candidate 16,Developer,2025-10-10,Selected
17,Candidate 17,Analyst,2025-05-30,Pending
18,Candidate 18,Analyst,2025-08-30,Selected
19,Candidate 19,Developer,2025-09-06,Rejected
20,Candidate 20,Analyst,2024-03-06,Rejected
21,Candidate 21,Developer,2024-11-21,Rejected
22,Candidate 22,Developer,2024-02-04,Pending
23,Candidate 23,Developer,2025-07-24,Rejected
24,Candidate 24,Developer,2024-06-30,Pending
25,Candidate 25,Analyst,2025-07-10,Pending
26,Candidate 26,Developer,2024-10-18,Rejected
27,Candidate 27,Analyst,2024-06-21,Rejected
28,Candidate 28,Tester,2024-06-10,Selected
29,Candidate 29,HR,2024-11-26,Pending
30,Candidate 30,Tester,2025-09-26,Pending
31,Candidate 31,Tester,2024-10-08,Pending
32,Candidate 32,HR,2025-10-21,Rejected
33,Candidate 33,HR,2024-01-22,Selected
34,Candidate 34,HR,2024-10-05,Selected
35,Candidate 35,Tester,2025-02-20,Rejected
36,Candidate 36,Tester,2025-05-11,Pending
37,Candidate 37,Developer,2025-07-03,Selected
38,Candidate 38,Analyst,2025-03-24,Selected
39,Candidate 39,Developer,2024-05-04,Rejected
40,Candidate 40,Tester,2025-03-20,Pending
41,Candidate 41,HR,2024-10-01,Pending
42,Candidate 42,Developer,2024-12-27,Pending
43,Candidate 43,Tester,2024-12-07,Rejected
44,Candidate 44,Tester,2024-01-13,Pending
45,Candidate 45,Tester,2024-02-19,Selected
46,Candidate 46,HR,2024-11-15,Selected
47,Candidate 47,Tester,2024-03-21,Rejected
48,Candidate 48,Tester,2025-11-12,Pending
49,Candidate 49,Developer,2024-07-16,Rejected
50,Candidate 50,Developer,2024-03-24,Selected
51,Candidate 51,Developer,2024-10-28,Rejected
52,Candidate 52,Developer,2025-11-30,Pending
53,Candidate 53,HR,2024-03-21,Selected
54,Candidate 54,Developer,2024-07-10,Rejected
55,Candidate 55,Developer,2025-06-17,Pending
56,Candidate 56,Developer,2025-07-29,Rejected
57,Candidate 57,Analyst,2025-07-31,Selected
58,Candidate 58,Developer,2024-09-14,Pending
59,Candidate 59,Tester,2025-03-01,Pending
60,Candidate 60,Tester,2025-03-02,Selected
61,Candidate 61,Analyst,2025-05-23,Selected
62,Candidate 62,Developer,2024-07-20,Pending
63,Candidate 63,Analyst,2025-05-30,Selected
64,Candidate 64,Analyst,2024-08-21,Rejected
65,Candidate 65,Analyst,2025-05-02,Selected
66,Candidate 66,Tester,2024-03-23,Pending
67,Candidate 67,Analyst,2025-01-03,Rejected
68,Candidate 68,Tester,2024-07-11,Selected
69,Candidate 69,Tester,2024-04-15,Selected
70,Candidate 70,Developer,2025-08-09,Rejected
71,Candidate 71,Developer,2024-10-29,Selected
72,Candidate 72,HR,2025-01-16,Selected
73,Candidate 73,Analyst,2024-04-24,Selected
74,Candidate 74,HR,2024-07-22,Selected
75,Candidate 75,Analyst,2025-01-09,Selected
76,Candidate 76,Developer,2024-09-03,Pending
77,Candidate 77,Tester,2025-04-10,Selected
78,Candidate 78,Tester,2025-10-12,Selected
79,Candidate 79,Developer,2025-04-27,Selected
80,Candidate 80,HR,2025-11-21,Rejected
81,Candidate 81,Tester,2024-11-30,Rejected
82,Candidate 82,Developer,2025-01-05,Pending
83,Candidate 83,HR,2025-04-02,Selected
84,Candidate 84,Analyst,2024-06-15,Selected
85,Candidate 85,Developer,2024-06-16,Rejected
86,Candidate 86,HR,2024-08-28,Pending
87,Candidate 87,Analyst,2025-09-08,Rejected
88,Candidate 88,Developer,2025-08-20,Rejected
89,Candidate 89,Analyst,2024-03-14,Selected
90,Candidate 90,HR,2025-08-05,Pending
91,Candidate 91,HR,2025-04-30,Rejected
92,Candidate 92,HR,2025-10-16,Selected
93,Candidate 93,Tester,2025-10-02,Pending
94,Candidate 94,Tester,2024-03-03,Rejected
95,Candidate 95,Analyst,2025-07-26,Rejected
96,Candidate 96,Developer,2024-11-30,Selected
97,Candidate 97,Tester,2024-01-18,Rejected
98,Candidate 98,Tester,2025-03-22,Rejected
99,Candidate 99,Tester,2024-08-05,Pending
100,Candidate 100,Tester,2025-08-07,Rejected
101,Candidate 101,Developer,2024-05-31,Selected
102,Candidate 102,Analyst,2025-05-14,Rejected
103,Candidate 103,HR,2024-03-26,Rejected
104,Candidate 104,Analyst,2024-06-25,Selected
105,Candidate 105,Analyst,2025-06-03,Pending
106,Candidate 106,Developer,2024-09-29,Rejected
107,Candidate 107,Developer,2024-09-24,Rejected
108,Candidate 108,HR,2024-10-12,Rejected
109,Candidate 109,Analyst,2025-11-08,Pending
110,Candidate 110,Analyst,2025-09-23,Rejected
111,Candidate 111,Developer,2025-07-13,Pending
112,Candidate 112,HR,2025-01-21,Selected
113,Candidate 113,Analyst,2024-04-06,Rejected
114,Candidate 114,Developer,2024-10-31,Selected
115,Candidate 115,Developer,2024-06-03,Pending
116,Candidate 116,Developer,2025-10-24,Rejected
117,Candidate 117,Analyst,2024-08-28,Selected
118,Candidate 118,Analyst,2024-09-29,Rejected
119,Candidate 119,Analyst,2025-04-29,Selected
120,Candidate 120,Tester,2025-01-16,Rejected
121,Candidate 121,Developer,2025-01-22,Selected
122,Candidate 122,HR,2024-05-21,Pending
123,Candidate 123,Tester,2024-01-08,Rejected
124,Candidate 124,Analyst,2025-01-10,Selected
125,Candidate 125,Developer,2024-09-30,Selected
126,Candidate 126,Analyst,2024-12-14,Pending
127,Candidate 127,HR,2025-06-08,Pending
128,Candidate 128,Analyst,2024-04-23,Selected
129,Candidate 129,Tester,2024-10-10,Pending
130,Candidate 130,Analyst,2024-08-02,Rejected
131,Candidate 131,Analyst,2025-06-12,Selected
132,Candidate 132,Developer,2025-02-20,Rejected
133,Candidate 133,Tester,2025-09-18,Pending
134,Candidate 134,Tester,2024-06-26,Rejected
135,Candidate 135,HR,2024-04-20,Selected
136,Candidate 136,HR,2024-04-09,Pending
137,Candidate 137,HR,2024-11-14,Rejected
138,Candidate 138,Developer,2024-01-05,Selected
139,Candidate 139,HR,2024-04-08,Pending
140,Candidate 140,Analyst,2025-04-06,Pending
141,Candidate 141,Tester,2025-01-27,Pending
142,Candidate 142,Analyst,2024-09-11,Rejected
143,Candidate 143,Tester,2024-05-11,Rejected
144,Candidate 144,HR,2025-10-03,Rejected
145,Candidate 145,Developer,2024-02-16,Pending
146,Candidate 146,Tester,2025-01-18,Rejected
147,Candidate 147,Analyst,2024-11-23,Selected
148,Candidate 148,Tester,2024-09-08,Rejected
149,Candidate 149,Tester,2025-07-28,Pending
150,Candidate 150,Tester,2025-02-12,Selected
151,Candidate 151,Analyst,2024-07-16,Selected
152,Candidate 152,Analyst,2024-12-20,Selected
153,Candidate 153,HR,2024-11-24,Selected
154,Candidate 154,Developer,2024-02-20,Selected
155,Candidate 155,HR,2025-06-03,Selected
156,Candidate 156,Analyst,2025-07-09,Selected
157,Candidate 157,HR,2025-06-11,Pending
158,Candidate 158,Tester,2024-08-10,Selected
159,Candidate 159,HR,2024-05-04,Selected
160,Candidate 160,Developer,2024-09-24,Pending
161,Candidate 161,HR,2025-07-31,Pending
162,Candidate 162,Analyst,2024-09-30,Selected
163,Candidate 163,Analyst,2025-11-07,Pending
164,Candidate 164,HR,2024-01-17,Rejected
165,Candidate 165,Tester,2024-03-29,Selected
166,Candidate 166,Developer,2024-01-20,Rejected
167,Candidate 167,HR,2025-07-25,Selected
168,Candidate 168,Developer,2025-02-01,Rejected
169,Candidate 169,Analyst,2025-03-26,Pending
170,Candidate 170,Developer,2024-01-10,Selected
171,Candidate 171,HR,2025-05-03,Pending
172,Candidate 172,Tester,2025-10-08,Pending
173,Candidate 173,Developer,2025-04-07,Selected
174,Candidate 174,Analyst,2024-03-14,Selected
175,Candidate 175,Tester,2024-05-27,Selected
176,Candidate 176,Developer,2025-07-02,Rejected
177,Candidate 177,HR,2024-03-09,Selected
178,Candidate 178,Developer,2025-07-09,Selected
179,Candidate 179,Developer,2024-12-23,Pending
180,Candidate 180,Analyst,2024-10-11,Rejected
181,Candidate 181,Analyst,2025-11-09,Rejected
182,Candidate 182,Analyst,2025-06-30,Rejected
183,Candidate 183,Analyst,2025-02-07,Pending
184,Candidate 184,Analyst,2024-11-01,Pending
185,Candidate 185,HR,2025-04-13,Rejected
186,Candidate 186,Analyst,2024-07-07,Selected
187,Candidate 187,Analyst,2025-05-25,Rejected
188,Candidate 188,HR,2024-06-21,Pending
189,Candidate 189,Analyst,2024-09-28,Pending
190,Candidate 190,Developer,2025-02-17,Pending
191,Candidate 191,HR,2025-10-31,Selected
192,Candidate 192,HR,2024-04-21,Pending
193,Candidate 193,HR,2024-02-15,Selected
194,Candidate 194,Tester,2024-01-25,Selected
195,Candidate 195,Developer,2025-08-13,Pending
196,Candidate 196,Developer,2025-04-18,Pending
197,Candidate 197,Tester,2025-01-09,Pending
198,Candidate 198,Analyst,2024-06-30,Selected
199,Candidate 199,Developer,2025-01-12,Pending
200,Candidate 200,Developer,2024-02-26,Selected
201,Candidate 201,Analyst,2024-06-07,Selected
202,Candidate 202,HR,2024-08-12,Pending
203,Candidate 203,Analyst,2025-11-23,Selected
204,Candidate 204,HR,2025-02-20,Rejected
205,Candidate 205,Tester,2025-01-28,Pending
206,Candidate 206,Analyst,2024-10-02,Pending
207,Candidate 207,Analyst,2025-02-25,Selected
208,Candidate 208,Tester,2024-08-11,Selected
209,Candidate 209,HR,2024-06-21,Rejected
210,Candidate 210,Analyst,2024-11-20,Pending
211,Candidate 211,HR,2024-02-02,Selected
212,Candidate 212,Analyst,2024-11-24,Rejected
213,Candidate 213,Tester,2024-04-12,Selected
214,Candidate 214,Analyst,2025-07-13,Rejected
215,Candidate 215,Analyst,2024-06-11,Rejected
216,Candidate 216,Analyst,2024-04-23,Selected
217,Candidate 217,Tester,2025-07-27,Rejected
218,Candidate 218,HR,2024-07-30,Selected
219,Candidate 219,HR,2025-05-26,Pending
220,Candidate 220,Tester,2024-08-20,Pending
221,Candidate 221,Developer,2024-09-22,Rejected
222,Candidate 222,Tester,2025-08-11,Pending
223,Candidate 223,Analyst,2025-10-30,Rejected
224,Candidate 224,HR,2025-04-07,Selected
225,Candidate 225,Developer,2025-04-11,Selected
226,Candidate 226,Analyst,2024-01-01,Rejected
227,Candidate 227,Analyst,2024-05-14,Selected
228,Candidate 228,Analyst,2025-10-09,Selected
229,Candidate 229,Developer,2025-08-13,Rejected
230,Candidate 230,Analyst,2025-07-07,Rejected
231,Candidate 231,HR,2024-10-27,Selected
232,Candidate 232,Analyst,2025-01-12,Pending
233,Candidate 233,Developer,2024-04-07,Rejected
234,Candidate 234,HR,2024-10-23,Pending
235,Candidate 235,HR,2024-07-05,Rejected
236,Candidate 236,Tester,2024-11-25,Rejected
237,Candidate 237,HR,2025-07-15,Rejected
238,Candidate 238,Analyst,2025-03-03,Rejected
239,Candidate 239,Developer,2025-06-30,Rejected
240,Candidate 240,HR,2024-11-10,Rejected
241,Candidate 241,HR,2025-11-09,Selected
242,Candidate 242,HR,2024-05-12,Selected
243,Candidate 243,HR,2024-08-30,Pending
244,Candidate 244,Analyst,2025-06-12,Pending
245,Candidate 245,HR,2024-05-23,Pending
246,Candidate 246,Developer,2024-12-23,Selected
247,Candidate 247,HR,2025-06-26,Pending
248,Candidate 248,Tester,2024-03-01,Pending
249,Candidate 249,Analyst,2024-11-03,Rejected
250,Candidate 250,HR,2025-06-10,Pending
251,Candidate 251,Developer,2024-01-03,Rejected
252,Candidate 252,HR,2024-01-08,Selected
253,Candidate 253,Analyst,2025-08-21,Rejected
254,Candidate 254,Developer,2024-02-13,Rejected
255,Candidate 255,Developer,2025-09-14,Rejected
256,Candidate 256,Tester,2024-02-23,Selected
257,Candidate 257,Analyst,2024-02-18,Rejected
258,Candidate 258,HR,2025-01-16,Pending
259,Candidate 259,Analyst,2024-11-24,Rejected
260,Candidate 260,Tester,2024-02-05,Pending
261,Candidate 261,Analyst,2024-05-11,Pending
262,Candidate 262,Analyst,2025-11-01,Selected
263,Candidate 263,Developer,2024-04-01,Selected
264,Candidate 264,Developer,2024-07-14,Rejected
265,Candidate 265,Tester,2024-06-10,Selected
266,Candidate 266,Analyst,2025-01-17,Pending
267,Candidate 267,Analyst,2024-08-22,Selected
268,Candidate 268,Tester,2024-11-23,Pending
269,Candidate 269,Tester,2024-05-12,Rejected
270,Candidate 270,Analyst,2024-04-06,Rejected
271,Candidate 271,HR,2025-02-15,Rejected
272,Candidate 272,Developer,2024-07-31,Pending
273,Candidate 273,HR,2025-08-26,Rejected
274,Candidate 274,Tester,2025-02-03,Rejected
275,Candidate 275,HR,2024-03-12,Rejected
276,Candidate 276,Developer,2025-05-12,Pending
277,Candidate 277,Developer,2024-11-30,Selected
278,Candidate 278,Analyst,2024-11-21,Rejected
279,Candidate 279,Analyst,2025-08-09,Selected
280,Candidate 280,Analyst,2025-09-15,Rejected
281,Candidate 281,Tester,2024-03-30,Pending
282,Candidate 282,Analyst,2025-09-10,Pending
283,Candidate 283,Analyst,2025-05-14,Rejected
284,Candidate 284,HR,2024-06-28,Rejected
285,Candidate 285,Tester,2024-02-05,Rejected
286,Candidate 286,Analyst,2025-09-24,Rejected
287,Candidate 287,HR,2024-12-16,Pending
288,Candidate 288,Developer,2024-12-18,Rejected
289,Candidate 289,Analyst,2024-04-21,Selected
290,Candidate 290,Tester,2024-05-03,Rejected
291,Candidate 291,Tester,2025-09-09,Selected
292,Candidate 292,Developer,2025-05-30,Selected
293,Candidate 293,HR,2025-02-27,Selected
294,Candidate 294,HR,2025-03-11,Pending
295,Candidate 295,Analyst,2024-06-19,Pending
296,Candidate 296,Analyst,2024-02-19,Rejected
297,Candidate 297,Tester,2024-04-27,Selected
298,Candidate 298,Developer,2025-11-03,Pending
299,Candidate 299,Developer,2024-03-25,Rejected
300,Candidate 300,Tester,2024-12-22,Selected
301,Candidate 301,Developer,2024-12-31,Rejected
302,Candidate 302,Developer,2025-01-10,Selected
303,Candidate 303,Tester,2024-09-04,Pending
304,Candidate 304,Developer,2025-06-17,Rejected
305,Candidate 305,Developer,2025-07-30,Rejected
306,Candidate 306,Analyst,2025-06-08,Rejected
307,Candidate 307,Tester,2024-08-13,Rejected
308,Candidate 308,Tester,2024-08-11,Pending
309,Candidate 309,Developer,2024-08-09,Rejected
310,Candidate 310,Tester,2025-07-14,Selected
311,Candidate 311,HR,2025-01-25,Selected
312,Candidate 312,Analyst,2025-02-13,Rejected
313,Candidate 313,Tester,2025-02-08,Pending
314,Candidate 314,HR,2024-05-08,Selected
315,Candidate 315,HR,2024-01-25,Pending
316,Candidate 316,Developer,2025-10-08,Selected
317,Candidate 317,HR,2025-03-09,Selected
318,Candidate 318,Tester,2025-09-17,Pending
319,Candidate 319,Developer,2024-01-16,Pending
320,Candidate 320,Tester,2025-11-19,Selected
321,Candidate 321,Tester,2025-11-18,Pending
322,Candidate 322,HR,2025-01-23,Rejected
323,Candidate 323,HR,2025-07-12,Selected
324,Candidate 324,Developer,2025-06-28,Pending
325,Candidate 325,Developer,2025-11-10,Selected
326,Candidate 326,Developer,2024-02-17,Selected
327,Candidate 327,Analyst,2024-10-24,Rejected
328,Candidate 328,Developer,2024-03-26,Selected
329,Candidate 329,Analyst,2025-09-08,Selected
330,Candidate 330,Tester,2024-01-09,Selected
331,Candidate 331,Analyst,2024-08-08,Selected
332,Candidate 332,Analyst,2024-01-03,Rejected
333,Candidate 333,Developer,2024-08-26,Selected
334,Candidate 334,Analyst,2024-06-19,Selected
335,Candidate 335,Analyst,2025-02-23,Selected
336,Candidate 336,Analyst,2025-10-26,Rejected
337,Candidate 337,Developer,2024-03-13,Pending
338,Candidate 338,HR,2024-10-18,Rejected
339,Candidate 339,Developer,2024-08-08,Rejected
340,Candidate 340,Developer,2024-03-24,Pending
341,Candidate 341,Developer,2024-03-30,Rejected
342,Candidate 342,Analyst,2024-04-27,Pending
343,Candidate 343,Developer,2024-01-19,Selected
344,Candidate 344,Tester,2025-03-30,Selected
345,Candidate 345,Developer,2024-01-17,Pending
346,Candidate 346,Developer,2025-09-03,Rejected
347,Candidate 347,Developer,2025-11-22,Rejected
348,Candidate 348,HR,2024-06-14,Rejected
349,Candidate 349,Developer,2024-04-12,Pending
350,Candidate 350,HR,2024-12-10,Selected
351,Candidate 351,Tester,2024-04-03,Pending
352,Candidate 352,HR,2025-07-03,Pending
353,Candidate 353,Developer,2025-03-24,Selected
354,Candidate 354,Developer,2024-02-23,Pending
355,Candidate 355,Developer,2024-03-14,Pending
356,Candidate 356,Developer,2024-05-24,Selected
357,Candidate 357,Tester,2025-11-27,Rejected
358,Candidate 358,Analyst,2024-10-17,Pending
359,Candidate 359,Developer,2025-06-22,Selected
360,Candidate 360,HR,2025-06-08,Rejected
361,Candidate 361,Tester,2025-05-21,Pending
362,Candidate 362,HR,2025-03-16,Rejected
363,Candidate 363,Analyst,2024-01-31,Rejected
364,Candidate 364,Developer,2024-06-23,Pending
365,Candidate 365,Analyst,2025-05-29,Pending
366,Candidate 366,Analyst,2025-04-09,Selected
367,Candidate 367,Developer,2025-09-11,Selected
368,Candidate 368,Tester,2025-01-22,Rejected
369,Candidate 369,Tester,2025-09-09,Pending
370,Candidate 370,HR,2024-01-18,Pending
371,Candidate 371,Developer,2024-01-02,Selected
372,Candidate 372,Analyst,2024-09-09,Pending
373,Candidate 373,Tester,2024-07-23,Selected
374,Candidate 374,Developer,2024-10-07,Selected
375,Candidate 375,Analyst,2024-05-12,Rejected
376,Candidate 376,Analyst,2024-12-11,Selected
377,Candidate 377,Analyst,2024-04-17,Pending
378,Candidate 378,Tester,2025-05-04,Selected
379,Candidate 379,Developer,2025-04-10,Selected
380,Candidate 380,Tester,2025-08-12,Selected
381,Candidate 381,HR,2024-08-01,Rejected
382,Candidate 382,HR,2024-01-29,Pending
383,Candidate 383,Tester,2025-06-25,Pending
384,Candidate 384,Analyst,2025-10-06,Rejected
385,Candidate 385,HR,2024-05-25,Pending
386,Candidate 386,HR,2025-03-28,Rejected
387,Candidate 387,Analyst,2025-08-27,Pending
388,Candidate 388,Developer,2025-04-02,Rejected
389,Candidate 389,Tester,2025-02-20,Pending
390,Candidate 390,Tester,2025-03-16,Rejected
391,Candidate 391,Analyst,2025-07-03,Pending
392,Candidate 392,Tester,2024-07-15,Selected
393,Candidate 393,Developer,2025-10-20,Rejected
394,Candidate 394,HR,2024-08-27,Pending
395,Candidate 395,Tester,2024-03-19,Rejected
396,Candidate 396,Developer,2024-05-06,Rejected
397,Candidate 397,Developer,2024-08-02,Pending
398,Candidate 398,Tester,2025-07-23,Rejected
399,Candidate 399,Tester,2024-09-14,Selected
400,Candidate 400,Analyst,2025-02-08,Selected
401,Candidate 401,HR,2025-04-05,Pending
402,Candidate 402,HR,2024-09-16,Rejected
403,Candidate 403,Tester,2024-09-01,Rejected
404,Candidate 404,HR,2024-08-27,Rejected
405,Candidate 405,Developer,2024-09-14,Pending
406,Candidate 406,Developer,2025-05-08,Pending
407,Candidate 407,HR,2024-11-03,Selected
408,Candidate 408,Developer,2024-09-29,Pending
409,Candidate 409,Tester,2025-02-19,Selected
410,Candidate 410,Developer,2024-12-08,Rejected
411,Candidate 411,Developer,2024-11-21,Rejected
412,Candidate 412,Analyst,2025-06-09,Selected
413,Candidate 413,Tester,2025-04-05,Pending
414,Candidate 414,HR,2024-12-04,Rejected
415,Candidate 415,Tester,2024-08-09,Pending
416,Candidate 416,HR,2024-02-22,Rejected
417,Candidate 417,Tester,2025-07-07,Pending
418,Candidate 418,HR,2025-05-02,Selected
419,Candidate 419,Developer,2024-12-05,Pending
420,Candidate 420,Tester,2025-04-16,Pending
421,Candidate 421,Developer,2024-09-21,Selected
422,Candidate 422,Analyst,2024-01-01,Pending
423,Candidate 423,Tester,2025-07-08,Selected
424,Candidate 424,Developer,2024-05-09,Selected
425,Candidate 425,Developer,2024-01-06,Pending
426,Candidate 426,Developer,2025-10-11,Rejected
427,Candidate 427,Tester,2025-01-31,Rejected
428,Candidate 428,Tester,2024-01-18,Selected
429,Candidate 429,Analyst,2024-02-01,Selected
430,Candidate 430,Developer,2024-07-29,Selected
431,Candidate 431,Analyst,2024-01-09,Rejected
432,Candidate 432,HR,2024-09-01,Pending
433,Candidate 433,Analyst,2025-02-20,Rejected
434,Candidate 434,Tester,2024-07-21,Rejected
435,Candidate 435,HR,2025-06-14,Pending
436,Candidate 436,HR,2024-08-14,Selected
437,Candidate 437,HR,2024-01-29,Rejected
438,Candidate 438,HR,2025-01-08,Selected
439,Candidate 439,HR,2024-12-20,Selected
440,Candidate 440,Tester,2024-03-22,Selected
441,Candidate 441,Analyst,2024-08-27,Pending
442,Candidate 442,Developer,2024-08-08,Rejected
443,Candidate 443,Analyst,2024-11-20,Pending
444,Candidate 444,Analyst,2025-11-07,Pending
445,Candidate 445,Developer,2025-05-06,Selected
446,Candidate 446,Developer,2024-09-04,Selected
447,Candidate 447,HR,2024-01-13,Selected
448,Candidate 448,Tester,2024-02-08,Pending
449,Candidate 449,Tester,2024-04-23,Pending
450,Candidate 450,Tester,2025-02-19,Rejected
451,Candidate 451,HR,2025-05-10,Rejected
452,Candidate 452,HR,2025-04-23,Pending
453,Candidate 453,HR,2025-06-08,Selected
454,Candidate 454,Analyst,2024-04-30,Rejected
455,Candidate 455,Analyst,2024-03-12,Selected
456,Candidate 456,Tester,2025-03-03,Pending
457,Candidate 457,HR,2025-05-31,Pending
458,Candidate 458,Tester,2024-02-21,Rejected
459,Candidate 459,Analyst,2025-08-05,Selected
460,Candidate 460,HR,2025-01-19,Rejected
461,Candidate 461,Tester,2025-09-05,Selected
462,Candidate 462,Tester,2024-09-06,Selected
463,Candidate 463,HR,2025-08-17,Pending
464,Candidate 464,Analyst,2024-09-07,Rejected
465,Candidate 465,Developer,2025-05-03,Pending
466,Candidate 466,HR,2024-05-19,Pending
467,Candidate 467,Analyst,2024-12-14,Rejected
468,Candidate 468,HR,2024-02-19,Selected
469,Candidate 469,Developer,2024-09-03,Rejected
470,Candidate 470,Analyst,2025-06-12,Pending
471,Candidate 471,Developer,2025-06-24,Selected
472,Candidate 472,Analyst,2024-09-02,Pending
473,Candidate 473,HR,2025-03-20,Rejected
474,Candidate 474,Developer,2025-10-20,Selected
475,Candidate 475,Tester,2024-12-12,Pending
476,Candidate 476,HR,2024-06-14,Pending
477,Candidate 477,Analyst,2025-05-25,Selected
478,Candidate 478,Tester,2024-02-15,Rejected
479,Candidate 479,Tester,2024-01-15,Rejected
480,Candidate 480,Analyst,2024-05-16,Pending
481,Candidate 481,Tester,2024-01-02,Rejected
482,Candidate 482,Tester,2025-09-29,Pending
483,Candidate 483,Analyst,2024-07-25,Pending
484,Candidate 484,Developer,2024-11-18,Pending
485,Candidate 485,Tester,2025-03-23,Selected
486,Candidate 486,HR,2024-12-28,Selected
487,Candidate 487,Developer,2024-08-10,Pending
488,Candidate 488,Tester,2024-05-05,Pending
489,Candidate 489,Tester,2025-07-19,Selected
490,Candidate 490,Tester,2025-03-06,Rejected
491,Candidate 491,Tester,2025-05-06,Pending
492,Candidate 492,Analyst,2025-09-21,Rejected
493,Candidate 493,Analyst,2025-11-19,Selected
494,Candidate 494,Developer,2024-11-24,Rejected
495,Candidate 495,Analyst,2024-10-06,Pending
496,Candidate 496,Tester,2024-11-17,Pending
497,Candidate 497,Analyst,2024-12-18,Selected
498,Candidate 498,Analyst,2025-08-30,Pending
499,Candidate 499,Analyst,2025-05-18,Selected
500,Candidate 500,Analyst,2024-05-25,Pending
501,Candidate 501,Analyst,2025-07-01,Selected
502,Candidate 502,Tester,2025-01-18,Rejected
503,Candidate 503,Tester,2025-07-21,Rejected
504,Candidate 504,HR,2024-08-20,Rejected
505,Candidate 505,Tester,2025-04-19,Selected
506,Candidate 506,Developer,2025-11-23,Selected
507,Candidate 507,Analyst,2024-06-03,Pending
508,Candidate 508,Analyst,2024-05-09,Rejected
509,Candidate 509,Tester,2025-04-09,Pending
510,Candidate 510,Tester,2025-04-24,Selected
511,Candidate 511,Analyst,2024-01-04,Rejected
512,Candidate 512,Tester,2025-05-26,Selected
513,Candidate 513,Tester,2025-10-05,Selected
514,Candidate 514,Analyst,2025-04-20,Rejected
515,Candidate 515,Developer,2025-01-21,Pending
516,Candidate 516,HR,2024-06-25,Selected
517,Candidate 517,Tester,2024-11-08,Pending
518,Candidate 518,HR,2024-01-20,Rejected
519,Candidate 519,Tester,2024-10-27,Rejected
520,Candidate 520,Tester,2024-11-19,Selected
521,Candidate 521,Developer,2025-05-08,Pending
522,Candidate 522,Analyst,2025-04-13,Pending
523,Candidate 523,Tester,2024-07-15,Pending
524,Candidate 524,HR,2024-10-13,Pending
525,Candidate 525,Analyst,2024-09-25,Rejected
526,Candidate 526,HR,2024-01-10,Pending
527,Candidate 527,Developer,2025-03-28,Pending
528,Candidate 528,Tester,2024-12-20,Pending
529,Candidate 529,Tester,2024-10-18,Rejected
530,Candidate 530,HR,2024-04-27,Selected
531,Candidate 531,Developer,2024-01-23,Selected
532,Candidate 532,Developer,2024-09-25,Selected
533,Candidate 533,Developer,2025-05-18,Pending
534,Candidate 534,Tester,2025-08-21,Rejected
535,Candidate 535,HR,2025-02-10,Pending
536,Candidate 536,Analyst,2024-06-03,Pending
537,Candidate 537,Developer,2025-03-06,Pending
538,Candidate 538,HR,2025-06-01,Rejected
539,Candidate 539,Analyst,2024-08-29,Selected
540,Candidate 540,Analyst,2025-05-14,Selected
541,Candidate 541,HR,2024-02-08,Selected
542,Candidate 542,Developer,2024-06-30,Pending
543,Candidate 543,Developer,2025-03-18,Rejected
544,Candidate 544,Developer,2025-11-15,Rejected
545,Candidate 545,Analyst,2024-07-18,Rejected
546,Candidate 546,Developer,2025-06-08,Pending
547,Candidate 547,HR,2025-11-26,Pending
548,Candidate 548,Analyst,2024-04-07,Rejected
549,Candidate 549,Developer,2025-05-22,Rejected
550,Candidate 550,Analyst,2024-08-21,Rejected
551,Candidate 551,Analyst,2024-06-11,Selected
552,Candidate 552,Analyst,2025-04-10,Rejected
553,Candidate 553,Developer,2024-09-02,Pending
554,Candidate 554,HR,2025-09-24,Rejected
555,Candidate 555,Tester,2025-04-03,Pending
556,Candidate 556,Developer,2025-02-19,Selected
557,Candidate 557,Tester,2025-06-23,Rejected
558,Candidate 558,Tester,2025-09-21,Rejected
559,Candidate 559,HR,2025-03-15,Rejected
560,Candidate 560,Developer,2024-12-05,Selected
561,Candidate 561,Analyst,2024-06-07,Rejected
562,Candidate 562,Analyst,2024-03-30,Rejected
563,Candidate 563,Tester,2025-02-20,Pending
564,Candidate 564,Developer,2025-06-13,Pending
565,Candidate 565,Tester,2025-01-29,Pending
566,Candidate 566,Tester,2025-01-06,Rejected
567,Candidate 567,HR,2025-04-03,Rejected
568,Candidate 568,Tester,2024-11-04,Rejected
569,Candidate 569,Tester,2024-09-08,Rejected
570,Candidate 570,Analyst,2025-11-06,Pending
571,Candidate 571,Tester,2024-11-06,Selected
572,Candidate 572,Developer,2024-12-02,Rejected
573,Candidate 573,Tester,2024-04-18,Selected
574,Candidate 574,Developer,2025-04-22,Rejected
575,Candidate 575,HR,2025-01-29,Selected
576,Candidate 576,HR,2024-07-26,Rejected
577,Candidate 577,Developer,2024-03-22,Rejected
578,Candidate 578,HR,2024-12-05,Pending
579,Candidate 579,HR,2024-05-03,Rejected
580,Candidate 580,Developer,2024-08-11,Pending
581,Candidate 581,Tester,2025-05-01,Selected
582,Candidate 582,HR,2025-01-02,Selected
583,Candidate 583,Developer,2025-05-06,Selected
584,Candidate 584,Tester,2024-02-24,Selected
585,Candidate 585,Developer,2024-02-06,Selected
586,Candidate 586,HR,2025-09-20,Selected
587,Candidate 587,Analyst,2024-04-10,Rejected
588,Candidate 588,Developer,2025-09-30,Pending
589,Candidate 589,Developer,2024-10-23,Pending
590,Candidate 590,Analyst,2025-04-17,Selected
591,Candidate 591,Analyst,2025-09-04,Pending
592,Candidate 592,Analyst,2024-07-13,Rejected
593,Candidate 593,Tester,2025-11-02,Pending
594,Candidate 594,Developer,2024-03-11,Pending
595,Candidate 595,Analyst,2025-05-05,Rejected
596,Candidate 596,HR,2024-02-03,Rejected
597,Candidate 597,Analyst,2025-09-25,Pending
598,Candidate 598,Analyst,2025-06-17,Pending
599,Candidate 599,Analyst,2025-04-20,Selected
600,Candidate 600,Tester,2025-03-02,Selected
601,Candidate 601,Analyst,2024-01-01,Rejected
602,Candidate 602,Developer,2025-09-09,Selected
603,Candidate 603,Analyst,2025-02-15,Rejected
604,Candidate 604,Analyst,2025-11-09,Pending
605,Candidate 605,Analyst,2025-07-21,Rejected
606,Candidate 606,Analyst,2024-04-16,Selected
607,Candidate 607,Developer,2025-11-09,Rejected
608,Candidate 608,HR,2024-01-27,Pending
609,Candidate 609,HR,2024-11-19,Pending
610,Candidate 610,HR,2025-06-16,Pending
611,Candidate 611,Developer,2024-11-30,Selected
612,Candidate 612,Developer,2025-01-29,Rejected
613,Candidate 613,Analyst,2025-11-24,Pending
614,Candidate 614,Tester,2024-08-08,Pending
615,Candidate 615,Developer,2024-07-22,Pending
616,Candidate 616,Analyst,2025-05-14,Pending
617,Candidate 617,Developer,2025-01-09,Rejected
618,Candidate 618,Tester,2024-06-25,Rejected
619,Candidate 619,Analyst,2024-06-27,Pending
620,Candidate 620,Analyst,2025-04-20,Pending
621,Candidate 621,Developer,2025-09-24,Pending
622,Candidate 622,Analyst,2024-01-21,Pending
623,Candidate 623,HR,2024-01-29,Rejected
624,Candidate 624,Developer,2024-11-17,Rejected
625,Candidate 625,HR,2025-08-17,Rejected
626,Candidate 626,Tester,2025-09-28,Rejected
627,Candidate 627,Developer,2025-10-20,Rejected
628,Candidate 628,Tester,2025-11-14,Rejected
629,Candidate 629,Tester,2024-08-25,Rejected
630,Candidate 630,HR,2024-10-29,Selected
631,Candidate 631,Tester,2024-03-04,Selected
632,Candidate 632,Analyst,2025-05-26,Selected
633,Candidate 633,Developer,2025-03-06,Rejected
634,Candidate 634,Analyst,2024-05-17,Pending
635,Candidate 635,HR,2025-10-14,Selected
636,Candidate 636,Analyst,2025-10-26,Rejected
637,Candidate 637,HR,2025-08-04,Selected
638,Candidate 638,HR,2024-12-11,Pending
639,Candidate 639,Tester,2024-02-26,Pending
640,Candidate 640,Developer,2025-07-27,Pending
641,Candidate 641,Analyst,2024-06-15,Pending
642,Candidate 642,Tester,2024-01-15,Selected
643,Candidate 643,HR,2024-09-08,Selected
644,Candidate 644,Analyst,2025-07-19,Selected
645,Candidate 645,Tester,2024-05-11,Rejected
646,Candidate 646,Developer,2025-01-15,Rejected
647,Candidate 647,Developer,2024-05-16,Rejected
648,Candidate 648,Tester,2024-11-25,Selected
649,Candidate 649,Tester,2025-07-07,Rejected
650,Candidate 650,HR,2024-01-04,Rejected
651,Candidate 651,HR,2024-01-14,Rejected
652,Candidate 652,HR,2024-06-06,Rejected
653,Candidate 653,HR,2025-07-11,Rejected
654,Candidate 654,Developer,2024-12-04,Pending
655,Candidate 655,Tester,2024-02-22,Pending
656,Candidate 656,Developer,2025-06-03,Rejected
657,Candidate 657,Tester,2025-11-09,Selected
658,Candidate 658,Analyst,2025-08-30,Pending
659,Candidate 659,Developer,2024-12-17,Selected
660,Candidate 660,Analyst,2025-10-18,Selected
661,Candidate 661,Analyst,2025-01-17,Rejected
662,Candidate 662,Analyst,2024-02-26,Rejected
663,Candidate 663,HR,2024-10-26,Rejected
664,Candidate 664,Tester,2024-03-21,Pending
665,Candidate 665,Developer,2024-10-08,Selected
666,Candidate 666,HR,2024-03-01,Pending
667,Candidate 667,Analyst,2024-10-03,Pending
668,Candidate 668,Developer,2024-04-24,Rejected
669,Candidate 669,Analyst,2024-01-16,Selected
670,Candidate 670,Developer,2025-04-20,Rejected
671,Candidate 671,Analyst,2025-08-11,Rejected
672,Candidate 672,Analyst,2024-12-18,Pending
673,Candidate 673,Developer,2024-12-19,Pending
674,Candidate 674,Analyst,2024-05-04,Selected
675,Candidate 675,HR,2025-10-05,Pending
676,Candidate 676,Analyst,2024-03-26,Pending
677,Candidate 677,Developer,2025-07-25,Rejected
678,Candidate 678,Analyst,2024-04-13,Pending
679,Candidate 679,Analyst,2024-01-09,Selected
680,Candidate 680,Tester,2025-09-30,Selected
681,Candidate 681,Developer,2024-02-24,Rejected
682,Candidate 682,Developer,2024-11-09,Rejected
683,Candidate 683,HR,2024-10-31,Pending
684,Candidate 684,HR,2024-03-19,Pending
685,Candidate 685,Analyst,2025-10-18,Selected
686,Candidate 686,Developer,2024-09-28,Selected
687,Candidate 687,HR,2025-01-09,Rejected
688,Candidate 688,HR,2024-06-20,Selected
689,Candidate 689,Developer,2024-07-20,Pending
690,Candidate 690,Tester,2024-09-13,Rejected
691,Candidate 691,Analyst,2024-10-15,Pending
692,Candidate 692,HR,2024-04-11,Pending
693,Candidate 693,Analyst,2024-09-19,Selected
694,Candidate 694,Tester,2025-03-05,Rejected
695,Candidate 695,HR,2025-07-11,Rejected
696,Candidate 696,Tester,2024-09-29,Rejected
697,Candidate 697,Analyst,2025-06-24,Rejected
698,Candidate 698,Analyst,2024-06-22,Selected
699,Candidate 699,Analyst,2024-03-25,Rejected
700,Candidate 700,Analyst,2024-07-30,Rejected
701,Candidate 701,Developer,2024-04-18,Rejected
702,Candidate 702,Analyst,2025-05-03,Rejected
703,Candidate 703,Tester,2024-06-27,Pending
704,Candidate 704,HR,2025-01-20,Pending
705,Candidate 705,HR,2024-08-17,Selected
706,Candidate 706,Tester,2024-04-29,Selected
707,Candidate 707,Tester,2025-01-24,Rejected
708,Candidate 708,Developer,2025-07-29,Rejected
709,Candidate 709,Analyst,2025-06-27,Selected
710,Candidate 710,Developer,2025-04-03,Selected
711,Candidate 711,Analyst,2024-06-21,Rejected
712,Candidate 712,HR,2024-05-24,Pending
713,Candidate 713,Analyst,2025-07-28,Pending
714,Candidate 714,HR,2024-12-08,Pending
715,Candidate 715,HR,2024-06-03,Selected
716,Candidate 716,HR,2024-08-12,Selected
717,Candidate 717,Developer,2024-09-19,Selected
718,Candidate 718,Analyst,2024-07-29,Selected
719,Candidate 719,Developer,2025-06-26,Pending
720,Candidate 720,Tester,2024-02-15,Pending
721,Candidate 721,HR,2024-12-09,Selected
722,Candidate 722,HR,2024-07-04,Rejected
723,Candidate 723,Tester,2024-07-29,Pending
724,Candidate 724,Developer,2025-03-21,Selected
725,Candidate 725,HR,2025-06-24,Pending
726,Candidate 726,HR,2024-01-21,Pending
727,Candidate 727,HR,2025-08-08,Selected
728,Candidate 728,Analyst,2024-02-27,Pending
729,Candidate 729,Tester,2025-11-26,Rejected
730,Candidate 730,Developer,2025-05-10,Pending
731,Candidate 731,Tester,2025-01-19,Pending
732,Candidate 732,Tester,2025-07-11,Pending
733,Candidate 733,HR,2024-02-16,Rejected
734,Candidate 734,HR,2025-07-07,Rejected
735,Candidate 735,Analyst,2024-01-07,Selected
736,Candidate 736,HR,2024-07-02,Rejected
737,Candidate 737,HR,2024-10-30,Pending
738,Candidate 738,HR,2025-10-18,Rejected
739,Candidate 739,Tester,2024-10-15,Pending
740,Candidate 740,Developer,2024-05-31,Rejected
741,Candidate 741,HR,2024-12-05,Selected
742,Candidate 742,Developer,2024-08-14,Pending
743,Candidate 743,HR,2025-07-17,Pending
744,Candidate 744,Analyst,2024-03-31,Selected
745,Candidate 745,Tester,2024-06-15,Rejected
746,Candidate 746,Analyst,2024-07-29,Rejected
747,Candidate 747,Analyst,2025-10-16,Pending
748,Candidate 748,HR,2025-04-20,Rejected
749,Candidate 749,Developer,2024-12-25,Rejected
750,Candidate 750,Analyst,2024-04-02,Rejected
751,Candidate 751,Analyst,2024-11-19,Rejected
752,Candidate 752,Tester,2024-12-12,Selected
753,Candidate 753,Tester,2024-07-31,Pending
754,Candidate 754,Tester,2025-08-06,Rejected
755,Candidate 755,HR,2025-06-01,Selected
756,Candidate 756,HR,2024-01-31,Rejected
757,Candidate 757,HR,2024-10-29,Pending
758,Candidate 758,Tester,2025-10-17,Pending
759,Candidate 759,HR,2025-05-31,Selected
760,Candidate 760,Analyst,2025-05-24,Rejected
761,Candidate 761,Developer,2024-11-26,Rejected
762,Candidate 762,Analyst,2025-02-23,Selected
763,Candidate 763,Tester,2025-07-04,Pending
764,Candidate 764,Analyst,2024-08-14,Pending
765,Candidate 765,Analyst,2025-09-01,Rejected
766,Candidate 766,Developer,2025-11-23,Selected
767,Candidate 767,Analyst,2025-11-02,Rejected
768,Candidate 768,Developer,2025-03-19,Pending
769,Candidate 769,Tester,2025-03-30,Pending
770,Candidate 770,Analyst,2025-04-25,Pending
771,Candidate 771,Analyst,2024-01-28,Rejected
772,Candidate 772,HR,2025-07-25,Rejected
773,Candidate 773,Developer,2024-02-25,Rejected
774,Candidate 774,HR,2024-03-25,Rejected
775,Candidate 775,Analyst,2024-05-20,Selected
776,Candidate 776,Analyst,2024-06-15,Selected
777,Candidate 777,Analyst,2025-03-07,Rejected
778,Candidate 778,Analyst,2024-09-25,Selected
779,Candidate 779,HR,2024-03-29,Selected
780,Candidate 780,HR,2024-08-08,Selected
781,Candidate 781,HR,2025-07-16,Rejected
782,Candidate 782,Analyst,2024-08-23,Selected
783,Candidate 783,HR,2024-11-30,Rejected
784,Candidate 784,Developer,2024-04-08,Rejected
785,Candidate 785,HR,2024-02-16,Rejected
786,Candidate 786,Developer,2025-05-01,Rejected
787,Candidate 787,Analyst,2024-07-01,Pending
788,Candidate 788,HR,2024-09-26,Pending
789,Candidate 789,HR,2024-06-09,Rejected
790,Candidate 790,Developer,2025-06-11,Pending
791,Candidate 791,Tester,2024-12-12,Selected
792,Candidate 792,Developer,2025-02-12,Pending
793,Candidate 793,Developer,2024-08-15,Selected
794,Candidate 794,Tester,2024-06-19,Pending
795,Candidate 795,Developer,2024-09-11,Selected
796,Candidate 796,HR,2024-03-03,Pending
797,Candidate 797,HR,2025-09-17,Pending
798,Candidate 798,Analyst,2024-08-18,Selected
799,Candidate 799,HR,2025-03-08,Selected
800,Candidate 800,HR,2024-05-09,Pending
801,Candidate 801,Developer,2024-08-18,Pending
802,Candidate 802,Analyst,2025-08-08,Selected
803,Candidate 803,HR,2024-05-30,Selected
804,Candidate 804,HR,2025-06-04,Rejected
805,Candidate 805,HR,2024-01-02,Selected
806,Candidate 806,HR,2025-03-30,Rejected
807,Candidate 807,HR,2025-09-30,Selected
808,Candidate 808,Analyst,2024-07-30,Pending
809,Candidate 809,HR,2025-08-08,Pending
810,Candidate 810,Analyst,2025-04-04,Rejected
811,Candidate 811,HR,2025-03-04,Selected
812,Candidate 812,Tester,2025-03-22,Pending
813,Candidate 813,HR,2025-09-09,Pending
814,Candidate 814,Developer,2024-01-08,Rejected
815,Candidate 815,Tester,2024-04-11,Selected
816,Candidate 816,HR,2024-07-08,Selected
817,Candidate 817,Developer,2025-08-05,Selected
818,Candidate 818,Tester,2025-11-12,Selected
819,Candidate 819,Analyst,2025-04-11,Pending
820,Candidate 820,Analyst,2024-10-03,Rejected
821,Candidate 821,Developer,2024-04-09,Selected
822,Candidate 822,Developer,2025-07-26,Rejected
823,Candidate 823,Analyst,2025-05-29,Selected
824,Candidate 824,Tester,2025-04-24,Selected
825,Candidate 825,HR,2024-02-25,Rejected
826,Candidate 826,Developer,2024-08-12,Selected
827,Candidate 827,HR,2024-05-09,Rejected
828,Candidate 828,Tester,2024-02-10,Rejected
829,Candidate 829,Developer,2024-08-13,Selected
830,Candidate 830,HR,2024-07-02,Selected
831,Candidate 831,Developer,2025-06-17,Selected
832,Candidate 832,Analyst,2024-12-19,Selected
833,Candidate 833,Tester,2025-07-20,Pending
834,Candidate 834,Tester,2024-08-22,Pending
835,Candidate 835,Developer,2024-01-30,Rejected
836,Candidate 836,Developer,2025-10-13,Pending
837,Candidate 837,HR,2024-03-22,Selected
838,Candidate 838,Tester,2024-12-22,Rejected
839,Candidate 839,HR,2024-10-01,Pending
840,Candidate 840,Tester,2025-08-18,Pending
841,Candidate 841,HR,2025-06-17,Selected
842,Candidate 842,HR,2024-11-22,Pending
843,Candidate 843,Tester,2024-03-06,Pending
844,Candidate 844,Developer,2024-07-01,Selected
845,Candidate 845,Developer,2024-05-16,Rejected
846,Candidate 846,Tester,2024-12-12,Selected
847,Candidate 847,Developer,2024-08-21,Selected
848,Candidate 848,Developer,2024-12-07,Selected
849,Candidate 849,Tester,2024-04-28,Rejected
850,Candidate 850,HR,2024-02-28,Rejected
851,Candidate 851,Developer,2024-07-18,Selected
852,Candidate 852,Developer,2025-02-16,Rejected
853,Candidate 853,Tester,2025-09-08,Selected
854,Candidate 854,Analyst,2024-09-30,Pending
855,Candidate 855,Developer,2025-06-14,Rejected
856,Candidate 856,HR,2024-03-15,Rejected
857,Candidate 857,Analyst,2025-09-29,Rejected
858,Candidate 858,HR,2024-10-12,Rejected
859,Candidate 859,Tester,2024-08-02,Pending
860,Candidate 860,Developer,2024-12-27,Rejected
861,Candidate 861,HR,2024-10-15,Pending
862,Candidate 862,Analyst,2024-11-03,Pending
863,Candidate 863,Developer,2025-03-03,Selected
864,Candidate 864,Developer,2025-10-31,Pending
865,Candidate 865,Tester,2025-05-28,Pending
866,Candidate 866,Tester,2024-07-23,Rejected
867,Candidate 867,HR,2025-06-06,Rejected
868,Candidate 868,Analyst,2024-09-21,Rejected
869,Candidate 869,Developer,2024-05-18,Selected
870,Candidate 870,Analyst,2024-12-14,Pending
871,Candidate 871,HR,2024-05-15,Selected
872,Candidate 872,Analyst,2025-10-24,Selected
873,Candidate 873,Tester,2024-01-29,Selected
874,Candidate 874,Analyst,2025-11-22,Selected
875,Candidate 875,HR,2024-08-06,Rejected
876,Candidate 876,Tester,2024-12-11,Pending
877,Candidate 877,Tester,2024-03-28,Pending
878,Candidate 878,Analyst,2024-09-05,Rejected
879,Candidate 879,Developer,2025-11-27,Pending
880,Candidate 880,HR,2025-09-02,Selected
881,Candidate 881,Tester,2024-03-03,Rejected
882,Candidate 882,Tester,2024-04-19,Rejected
883,Candidate 883,Developer,2025-06-13,Pending
884,Candidate 884,HR,2025-07-13,Pending
885,Candidate 885,Developer,2024-10-13,Selected
886,Candidate 886,HR,2024-07-29,Rejected
887,Candidate 887,Tester,2025-03-19,Selected
888,Candidate 888,HR,2024-08-22,Selected
889,Candidate 889,Developer,2024-04-07,Rejected
890,Candidate 890,Analyst,2024-07-27,Pending
891,Candidate 891,Analyst,2025-04-06,Rejected
892,Candidate 892,HR,2025-06-15,Rejected
893,Candidate 893,HR,2025-03-09,Selected
894,Candidate 894,Tester,2025-07-12,Pending
895,Candidate 895,Developer,2024-04-23,Pending
896,Candidate 896,Tester,2025-04-25,Rejected
897,Candidate 897,Developer,2024-04-04,Selected
898,Candidate 898,HR,2024-05-28,Pending
899,Candidate 899,HR,2024-06-29,Rejected
900,Candidate 900,Developer,2025-07-18,Rejected
901,Candidate 901,Analyst,2024-05-04,Pending
902,Candidate 902,Analyst,2025-09-26,Pending
903,Candidate 903,Analyst,2025-01-05,Selected
904,Candidate 904,Developer,2025-04-22,Rejected
905,Candidate 905,HR,2025-10-07,Pending
906,Candidate 906,HR,2024-11-06,Pending
907,Candidate 907,HR,2025-04-10,Selected
908,Candidate 908,Analyst,2025-06-09,Rejected
909,Candidate 909,HR,2024-11-23,Rejected
910,Candidate 910,HR,2024-03-23,Pending
911,Candidate 911,Analyst,2024-02-28,Selected
912,Candidate 912,Developer,2025-02-21,Rejected
913,Candidate 913,HR,2024-02-11,Pending
914,Candidate 914,HR,2025-05-11,Rejected
915,Candidate 915,HR,2025-05-02,Pending
916,Candidate 916,Tester,2025-05-21,Pending
917,Candidate 917,Developer,2025-05-17,Selected
918,Candidate 918,Developer,2025-11-26,Pending
919,Candidate 919,HR,2024-09-20,Selected
920,Candidate 920,Tester,2024-09-17,Selected
921,Candidate 921,Tester,2025-03-21,Rejected
922,Candidate 922,HR,2025-05-17,Rejected
923,Candidate 923,Analyst,2025-01-03,Pending
924,Candidate 924,HR,2024-12-31,Selected
925,Candidate 925,Analyst,2025-11-20,Rejected
926,Candidate 926,HR,2024-01-25,Pending
927,Candidate 927,HR,2025-11-24,Rejected
928,Candidate 928,HR,2025-11-26,Pending
929,Candidate 929,Tester,2024-04-02,Selected
930,Candidate 930,HR,2025-04-22,Pending
931,Candidate 931,Tester,2025-08-13,Rejected
932,Candidate 932,Developer,2025-06-07,Selected
933,Candidate 933,Analyst,2025-10-02,Selected
934,Candidate 934,Analyst,2024-11-24,Selected
935,Candidate 935,Developer,2024-07-27,Pending
936,Candidate 936,HR,2024-06-22,Selected
937,Candidate 937,HR,2024-01-31,Pending
938,Candidate 938,Analyst,2024-09-16,Pending
939,Candidate 939,Developer,2024-09-10,Selected
940,Candidate 940,HR,2024-04-05,Selected
941,Candidate 941,HR,2024-08-14,Rejected
942,Candidate 942,Analyst,2025-03-25,Pending
943,Candidate 943,Tester,2024-04-14,Selected
944,Candidate 944,Developer,2025-10-11,Selected
945,Candidate 945,Developer,2025-06-23,Rejected
946,Candidate 946,Developer,2024-09-18,Pending
947,Candidate 947,Tester,2025-08-29,Pending
948,Candidate 948,Developer,2024-12-15,Pending
949,Candidate 949,HR,2025-05-09,Pending
950,Candidate 950,HR,2024-05-05,Pending
951,Candidate 951,Developer,2024-02-13,Selected
952,Candidate 952,Tester,2025-05-01,Pending
953,Candidate 953,Analyst,2025-01-29,Pending
954,Candidate 954,Tester,2025-01-12,Selected
955,Candidate 955,HR,2024-09-14,Pending
956,Candidate 956,Analyst,2024-10-04,Pending
957,Candidate 957,Analyst,2025-09-25,Pending
958,Candidate 958,Analyst,2024-10-29,Pending
959,Candidate 959,Developer,2024-10-14,Selected
960,Candidate 960,Developer,2025-01-21,Rejected
961,Candidate 961,Analyst,2024-09-02,Rejected
962,Candidate 962,Analyst,2025-04-07,Rejected
963,Candidate 963,Analyst,2025-09-06,Pending
964,Candidate 964,Tester,2025-02-04,Rejected
965,Candidate 965,Developer,2025-03-02,Selected
966,Candidate 966,Developer,2025-03-21,Rejected
967,Candidate 967,Developer,2025-02-10,Pending
968,Candidate 968,Analyst,2024-08-22,Pending
969,Candidate 969,Developer,2024-11-05,Pending
970,Candidate 970,Developer,2025-09-08,Selected
971,Candidate 971,Tester,2025-09-13,Pending
972,Candidate 972,HR,2025-01-20,Pending
973,Candidate 973,Tester,2024-04-03,Selected
974,Candidate 974,HR,2024-03-11,Pending
975,Candidate 975,HR,2025-06-22,Selected
976,Candidate 976,HR,2025-07-03,Selected
977,Candidate 977,Analyst,2025-11-19,Pending
978,Candidate 978,Analyst,2025-10-03,Selected
979,Candidate 979,Analyst,2025-09-25,Rejected
980,Candidate 980,Tester,2024-09-09,Pending
981,Candidate 981,Developer,2024-12-18,Pending
982,Candidate 982,HR,2024-05-19,Rejected
983,Candidate 983,Analyst,2024-03-31,Selected
984,Candidate 984,Tester,2025-01-21,Rejected
985,Candidate 985,Analyst,2025-03-11,Rejected
986,Candidate 986,HR,2025-02-22,Rejected
987,Candidate 987,Developer,2025-01-08,Selected
988,Candidate 988,Developer,2024-03-04,Rejected
989,Candidate 989,HR,2025-05-05,Pending
990,Candidate 990,Tester,2024-07-11,Selected
991,Candidate 991,Analyst,2024-08-06,Pending
992,Candidate 992,Analyst,2025-04-27,Pending
993,Candidate 993,Tester,2025-09-23,Selected
994,Candidate 994,Developer,2025-02-08,Rejected
995,Candidate 995,Developer,2025-03-08,Pending
996,Candidate 996,Tester,2024-01-25,Rejected
997,Candidate 997,HR,2024-08-22,Rejected
998,Candidate 998,Developer,2024-05-15,Pending
999,Candidate 999,Tester,2025-09-26,Selected
1000,Candidate 1000,HR,2025-03-08,Rejected
